type,technology_type,technology_name_fr,technology_name_pypsa,technology_name_times,parameter,year,year_currency,value,units,source,description_complementaire,note_complementaire,data_origin_choice,pypsa_wal_value,pypsa_wal_location,pypsa_wal_target,year_rule,status
local_RES_potential,Electricity production,Capacité max CCGT avec captage CO₂ (Wallonie),CCGT CC,"ETSTP_Retrofit_CCGT_CCS_E12_N/E13_N, ETSTP_CCGT-CCS_PostC_GAS_N",p_nom_max,2025.0,,0,MW,Sensibilité NoCCSCCGT (réunion cabinet 2026-09-24; synthèse ICEDD 2026-09-29),,"inf -> 0 MW. No carbon capture on Walloon gas-fired power plants, existing and new (cabinet meeting 2026-09-24; scope confirmed 2026-09-29: 'on maintient bien le CCS sur process et on ne permet pas la capture sur centrales gaz (existantes et nouvelles)'). TIMES drops the CCGT CCS retrofit of the two recent units and the new post-combustion CCGT; TIMES-WAL has no gas CHP with capture, so the CHP variant is capped too. Industrial capture, biomass CHP CC and every non-Walloon node are untouched, as in the other sensitivities. docs/logs/2026-09-30_cabinet_batch_20260930_2010_1h.md §2.5.",TIMES,,,potential:BEWAL:CCGT CC:p_nom_max,hold,active
local_RES_potential,Electricity production,Capacité max CCGT avec captage CO₂ (Wallonie),CCGT CC,"ETSTP_Retrofit_CCGT_CCS_E12_N/E13_N, ETSTP_CCGT-CCS_PostC_GAS_N",p_nom_max,2030.0,,0,MW,Sensibilité NoCCSCCGT (réunion cabinet 2026-09-24; synthèse ICEDD 2026-09-29),,"inf -> 0 MW. No carbon capture on Walloon gas-fired power plants, existing and new (cabinet meeting 2026-09-24; scope confirmed 2026-09-29: 'on maintient bien le CCS sur process et on ne permet pas la capture sur centrales gaz (existantes et nouvelles)'). TIMES drops the CCGT CCS retrofit of the two recent units and the new post-combustion CCGT; TIMES-WAL has no gas CHP with capture, so the CHP variant is capped too. Industrial capture, biomass CHP CC and every non-Walloon node are untouched, as in the other sensitivities. docs/logs/2026-09-30_cabinet_batch_20260930_2010_1h.md §2.5.",TIMES,,,potential:BEWAL:CCGT CC:p_nom_max,hold,active
local_RES_potential,Electricity production,Capacité max CCGT avec captage CO₂ (Wallonie),CCGT CC,"ETSTP_Retrofit_CCGT_CCS_E12_N/E13_N, ETSTP_CCGT-CCS_PostC_GAS_N",p_nom_max,2035.0,,0,MW,Sensibilité NoCCSCCGT (réunion cabinet 2026-09-24; synthèse ICEDD 2026-09-29),,"inf -> 0 MW. No carbon capture on Walloon gas-fired power plants, existing and new (cabinet meeting 2026-09-24; scope confirmed 2026-09-29: 'on maintient bien le CCS sur process et on ne permet pas la capture sur centrales gaz (existantes et nouvelles)'). TIMES drops the CCGT CCS retrofit of the two recent units and the new post-combustion CCGT; TIMES-WAL has no gas CHP with capture, so the CHP variant is capped too. Industrial capture, biomass CHP CC and every non-Walloon node are untouched, as in the other sensitivities. docs/logs/2026-09-30_cabinet_batch_20260930_2010_1h.md §2.5.",TIMES,,,potential:BEWAL:CCGT CC:p_nom_max,hold,active
local_RES_potential,Electricity production,Capacité max CCGT avec captage CO₂ (Wallonie),CCGT CC,"ETSTP_Retrofit_CCGT_CCS_E12_N/E13_N, ETSTP_CCGT-CCS_PostC_GAS_N",p_nom_max,2040.0,,0,MW,Sensibilité NoCCSCCGT (réunion cabinet 2026-09-24; synthèse ICEDD 2026-09-29),,"inf -> 0 MW. No carbon capture on Walloon gas-fired power plants, existing and new (cabinet meeting 2026-09-24; scope confirmed 2026-09-29: 'on maintient bien le CCS sur process et on ne permet pas la capture sur centrales gaz (existantes et nouvelles)'). TIMES drops the CCGT CCS retrofit of the two recent units and the new post-combustion CCGT; TIMES-WAL has no gas CHP with capture, so the CHP variant is capped too. Industrial capture, biomass CHP CC and every non-Walloon node are untouched, as in the other sensitivities. docs/logs/2026-09-30_cabinet_batch_20260930_2010_1h.md §2.5.",TIMES,,,potential:BEWAL:CCGT CC:p_nom_max,hold,active
local_RES_potential,Electricity production,Capacité max CCGT avec captage CO₂ (Wallonie),CCGT CC,"ETSTP_Retrofit_CCGT_CCS_E12_N/E13_N, ETSTP_CCGT-CCS_PostC_GAS_N",p_nom_max,2045.0,,0,MW,Sensibilité NoCCSCCGT (réunion cabinet 2026-09-24; synthèse ICEDD 2026-09-29),,"inf -> 0 MW. No carbon capture on Walloon gas-fired power plants, existing and new (cabinet meeting 2026-09-24; scope confirmed 2026-09-29: 'on maintient bien le CCS sur process et on ne permet pas la capture sur centrales gaz (existantes et nouvelles)'). TIMES drops the CCGT CCS retrofit of the two recent units and the new post-combustion CCGT; TIMES-WAL has no gas CHP with capture, so the CHP variant is capped too. Industrial capture, biomass CHP CC and every non-Walloon node are untouched, as in the other sensitivities. docs/logs/2026-09-30_cabinet_batch_20260930_2010_1h.md §2.5.",TIMES,,,potential:BEWAL:CCGT CC:p_nom_max,hold,active
local_RES_potential,Electricity production,Capacité max CCGT avec captage CO₂ (Wallonie),CCGT CC,"ETSTP_Retrofit_CCGT_CCS_E12_N/E13_N, ETSTP_CCGT-CCS_PostC_GAS_N",p_nom_max,2050.0,,0,MW,Sensibilité NoCCSCCGT (réunion cabinet 2026-09-24; synthèse ICEDD 2026-09-29),,"inf -> 0 MW. No carbon capture on Walloon gas-fired power plants, existing and new (cabinet meeting 2026-09-24; scope confirmed 2026-09-29: 'on maintient bien le CCS sur process et on ne permet pas la capture sur centrales gaz (existantes et nouvelles)'). TIMES drops the CCGT CCS retrofit of the two recent units and the new post-combustion CCGT; TIMES-WAL has no gas CHP with capture, so the CHP variant is capped too. Industrial capture, biomass CHP CC and every non-Walloon node are untouched, as in the other sensitivities. docs/logs/2026-09-30_cabinet_batch_20260930_2010_1h.md §2.5.",TIMES,,,potential:BEWAL:CCGT CC:p_nom_max,hold,active
local_RES_potential,Electricity production,Capacité max cogénération gaz avec captage CO₂ (Wallonie),urban central gas CHP CC,,p_nom_max,2025.0,,0,MW,Sensibilité NoCCSCCGT (réunion cabinet 2026-09-24; synthèse ICEDD 2026-09-29),,"inf -> 0 MW. No carbon capture on Walloon gas-fired power plants, existing and new (cabinet meeting 2026-09-24; scope confirmed 2026-09-29: 'on maintient bien le CCS sur process et on ne permet pas la capture sur centrales gaz (existantes et nouvelles)'). TIMES drops the CCGT CCS retrofit of the two recent units and the new post-combustion CCGT; TIMES-WAL has no gas CHP with capture, so the CHP variant is capped too. Industrial capture, biomass CHP CC and every non-Walloon node are untouched, as in the other sensitivities. docs/logs/2026-09-30_cabinet_batch_20260930_2010_1h.md §2.5.",TIMES,,,potential:BEWAL:urban central gas CHP CC:p_nom_max,hold,active
local_RES_potential,Electricity production,Capacité max cogénération gaz avec captage CO₂ (Wallonie),urban central gas CHP CC,,p_nom_max,2030.0,,0,MW,Sensibilité NoCCSCCGT (réunion cabinet 2026-09-24; synthèse ICEDD 2026-09-29),,"inf -> 0 MW. No carbon capture on Walloon gas-fired power plants, existing and new (cabinet meeting 2026-09-24; scope confirmed 2026-09-29: 'on maintient bien le CCS sur process et on ne permet pas la capture sur centrales gaz (existantes et nouvelles)'). TIMES drops the CCGT CCS retrofit of the two recent units and the new post-combustion CCGT; TIMES-WAL has no gas CHP with capture, so the CHP variant is capped too. Industrial capture, biomass CHP CC and every non-Walloon node are untouched, as in the other sensitivities. docs/logs/2026-09-30_cabinet_batch_20260930_2010_1h.md §2.5.",TIMES,,,potential:BEWAL:urban central gas CHP CC:p_nom_max,hold,active
local_RES_potential,Electricity production,Capacité max cogénération gaz avec captage CO₂ (Wallonie),urban central gas CHP CC,,p_nom_max,2035.0,,0,MW,Sensibilité NoCCSCCGT (réunion cabinet 2026-09-24; synthèse ICEDD 2026-09-29),,"inf -> 0 MW. No carbon capture on Walloon gas-fired power plants, existing and new (cabinet meeting 2026-09-24; scope confirmed 2026-09-29: 'on maintient bien le CCS sur process et on ne permet pas la capture sur centrales gaz (existantes et nouvelles)'). TIMES drops the CCGT CCS retrofit of the two recent units and the new post-combustion CCGT; TIMES-WAL has no gas CHP with capture, so the CHP variant is capped too. Industrial capture, biomass CHP CC and every non-Walloon node are untouched, as in the other sensitivities. docs/logs/2026-09-30_cabinet_batch_20260930_2010_1h.md §2.5.",TIMES,,,potential:BEWAL:urban central gas CHP CC:p_nom_max,hold,active
local_RES_potential,Electricity production,Capacité max cogénération gaz avec captage CO₂ (Wallonie),urban central gas CHP CC,,p_nom_max,2040.0,,0,MW,Sensibilité NoCCSCCGT (réunion cabinet 2026-09-24; synthèse ICEDD 2026-09-29),,"inf -> 0 MW. No carbon capture on Walloon gas-fired power plants, existing and new (cabinet meeting 2026-09-24; scope confirmed 2026-09-29: 'on maintient bien le CCS sur process et on ne permet pas la capture sur centrales gaz (existantes et nouvelles)'). TIMES drops the CCGT CCS retrofit of the two recent units and the new post-combustion CCGT; TIMES-WAL has no gas CHP with capture, so the CHP variant is capped too. Industrial capture, biomass CHP CC and every non-Walloon node are untouched, as in the other sensitivities. docs/logs/2026-09-30_cabinet_batch_20260930_2010_1h.md §2.5.",TIMES,,,potential:BEWAL:urban central gas CHP CC:p_nom_max,hold,active
local_RES_potential,Electricity production,Capacité max cogénération gaz avec captage CO₂ (Wallonie),urban central gas CHP CC,,p_nom_max,2045.0,,0,MW,Sensibilité NoCCSCCGT (réunion cabinet 2026-09-24; synthèse ICEDD 2026-09-29),,"inf -> 0 MW. No carbon capture on Walloon gas-fired power plants, existing and new (cabinet meeting 2026-09-24; scope confirmed 2026-09-29: 'on maintient bien le CCS sur process et on ne permet pas la capture sur centrales gaz (existantes et nouvelles)'). TIMES drops the CCGT CCS retrofit of the two recent units and the new post-combustion CCGT; TIMES-WAL has no gas CHP with capture, so the CHP variant is capped too. Industrial capture, biomass CHP CC and every non-Walloon node are untouched, as in the other sensitivities. docs/logs/2026-09-30_cabinet_batch_20260930_2010_1h.md §2.5.",TIMES,,,potential:BEWAL:urban central gas CHP CC:p_nom_max,hold,active
local_RES_potential,Electricity production,Capacité max cogénération gaz avec captage CO₂ (Wallonie),urban central gas CHP CC,,p_nom_max,2050.0,,0,MW,Sensibilité NoCCSCCGT (réunion cabinet 2026-09-24; synthèse ICEDD 2026-09-29),,"inf -> 0 MW. No carbon capture on Walloon gas-fired power plants, existing and new (cabinet meeting 2026-09-24; scope confirmed 2026-09-29: 'on maintient bien le CCS sur process et on ne permet pas la capture sur centrales gaz (existantes et nouvelles)'). TIMES drops the CCGT CCS retrofit of the two recent units and the new post-combustion CCGT; TIMES-WAL has no gas CHP with capture, so the CHP variant is capped too. Industrial capture, biomass CHP CC and every non-Walloon node are untouched, as in the other sensitivities. docs/logs/2026-09-30_cabinet_batch_20260930_2010_1h.md §2.5.",TIMES,,,potential:BEWAL:urban central gas CHP CC:p_nom_max,hold,active
local_RES_potential,Electricity production,Capacité max cogénération biomasse avec captage CO₂ (Wallonie),urban central solid biomass CHP CC,,p_nom_max,2025.0,,0,MW,Sensibilité NoCCSCCGT (réunion cabinet 2026-09-24; synthèse ICEDD 2026-09-29),,"inf -> 0 MW. Capture on Walloon power generation is excluded in this scenario, only industrial-process capture remains (2026-09-30): the biomass CHP is a power/heat plant, like the gas CHP. TIMES-WAL has no biomass-CHP capture in its solution. docs/logs/2026-09-30_cabinet_batch_20260930_2010_1h.md §2.5.",TIMES,,,potential:BEWAL:urban central solid biomass CHP CC:p_nom_max,hold,active
local_RES_potential,Electricity production,Capacité max cogénération biomasse avec captage CO₂ (Wallonie),urban central solid biomass CHP CC,,p_nom_max,2030.0,,0,MW,Sensibilité NoCCSCCGT (réunion cabinet 2026-09-24; synthèse ICEDD 2026-09-29),,"inf -> 0 MW. Capture on Walloon power generation is excluded in this scenario, only industrial-process capture remains (2026-09-30): the biomass CHP is a power/heat plant, like the gas CHP. TIMES-WAL has no biomass-CHP capture in its solution. docs/logs/2026-09-30_cabinet_batch_20260930_2010_1h.md §2.5.",TIMES,,,potential:BEWAL:urban central solid biomass CHP CC:p_nom_max,hold,active
local_RES_potential,Electricity production,Capacité max cogénération biomasse avec captage CO₂ (Wallonie),urban central solid biomass CHP CC,,p_nom_max,2035.0,,0,MW,Sensibilité NoCCSCCGT (réunion cabinet 2026-09-24; synthèse ICEDD 2026-09-29),,"inf -> 0 MW. Capture on Walloon power generation is excluded in this scenario, only industrial-process capture remains (2026-09-30): the biomass CHP is a power/heat plant, like the gas CHP. TIMES-WAL has no biomass-CHP capture in its solution. docs/logs/2026-09-30_cabinet_batch_20260930_2010_1h.md §2.5.",TIMES,,,potential:BEWAL:urban central solid biomass CHP CC:p_nom_max,hold,active
local_RES_potential,Electricity production,Capacité max cogénération biomasse avec captage CO₂ (Wallonie),urban central solid biomass CHP CC,,p_nom_max,2040.0,,0,MW,Sensibilité NoCCSCCGT (réunion cabinet 2026-09-24; synthèse ICEDD 2026-09-29),,"inf -> 0 MW. Capture on Walloon power generation is excluded in this scenario, only industrial-process capture remains (2026-09-30): the biomass CHP is a power/heat plant, like the gas CHP. TIMES-WAL has no biomass-CHP capture in its solution. docs/logs/2026-09-30_cabinet_batch_20260930_2010_1h.md §2.5.",TIMES,,,potential:BEWAL:urban central solid biomass CHP CC:p_nom_max,hold,active
local_RES_potential,Electricity production,Capacité max cogénération biomasse avec captage CO₂ (Wallonie),urban central solid biomass CHP CC,,p_nom_max,2045.0,,0,MW,Sensibilité NoCCSCCGT (réunion cabinet 2026-09-24; synthèse ICEDD 2026-09-29),,"inf -> 0 MW. Capture on Walloon power generation is excluded in this scenario, only industrial-process capture remains (2026-09-30): the biomass CHP is a power/heat plant, like the gas CHP. TIMES-WAL has no biomass-CHP capture in its solution. docs/logs/2026-09-30_cabinet_batch_20260930_2010_1h.md §2.5.",TIMES,,,potential:BEWAL:urban central solid biomass CHP CC:p_nom_max,hold,active
local_RES_potential,Electricity production,Capacité max cogénération biomasse avec captage CO₂ (Wallonie),urban central solid biomass CHP CC,,p_nom_max,2050.0,,0,MW,Sensibilité NoCCSCCGT (réunion cabinet 2026-09-24; synthèse ICEDD 2026-09-29),,"inf -> 0 MW. Capture on Walloon power generation is excluded in this scenario, only industrial-process capture remains (2026-09-30): the biomass CHP is a power/heat plant, like the gas CHP. TIMES-WAL has no biomass-CHP capture in its solution. docs/logs/2026-09-30_cabinet_batch_20260930_2010_1h.md §2.5.",TIMES,,,potential:BEWAL:urban central solid biomass CHP CC:p_nom_max,hold,active
