bus,technology,parameter,value,unit,year,source,further_description,year_currency
BEWAL,solid biomass import,e_nom,4000,GWh/an,2025,"Bioenergy europe 2025 stat report, extrait par Valbiom",Projections avec centrale COGEN aux pellets,
BEWAL,solid biomass import,e_nom,4000,GWh/an,2030,"Bioenergy europe 2025 stat report, extrait par Valbiom",Projections avec centrale COGEN aux pellets,
BEWAL,solid biomass import,e_nom,4000,GWh/an,2035,"Bioenergy europe 2025 stat report, extrait par Valbiom",Projections avec centrale COGEN aux pellets,
BEWAL,solid biomass import,e_nom,4500,GWh/an,2040,"Bioenergy europe 2025 stat report, extrait par Valbiom",Projections avec centrale COGEN aux pellets,
BEWAL,solid biomass import,e_nom,4500,GWh/an,2045,"Bioenergy europe 2025 stat report, extrait par Valbiom",Projections avec centrale COGEN aux pellets,
BEWAL,solid biomass import,e_nom,6000,GWh/an,2050,"Bioenergy europe 2025 stat report, extrait par Valbiom",Projections avec centrale COGEN aux pellets,
BEWAL,solid biomass transported,e_sum_max,0,GWh/an,2025,Valbiom,Potentiel annuel de pellets importés destinés à la Wallonie,
BEWAL,solid biomass transported,e_sum_max,0,GWh/an,2030,Valbiom,Potentiel annuel de pellets importés destinés à la Wallonie,
BEWAL,solid biomass transported,e_sum_max,0,GWh/an,2035,Valbiom,Potentiel annuel de pellets importés destinés à la Wallonie,
BEWAL,solid biomass transported,e_sum_max,0,GWh/an,2040,Valbiom,Potentiel annuel de pellets importés destinés à la Wallonie,
BEWAL,solid biomass transported,e_sum_max,0,GWh/an,2045,Valbiom,Potentiel annuel de pellets importés destinés à la Wallonie,
BEWAL,solid biomass transported,e_sum_max,0,GWh/an,2050,Valbiom,Potentiel annuel de pellets importés destinés à la Wallonie,
BEWAL,onwind,p_nom_max,6500,MW,2025,PNEC Wallon et EDORA,"• Potentiel technique, calculé comme la somme de ce qui est plausible d'atteindre en 2030 comme capacité et des projets à l'étude
• Les statistiques d'installation (fin 2024) indique que la Wallonie est sur la bonne trajectoire pour atteindre son objectif de production de 6200 GWh étoliens onshore annuels (PNEC wallon - scénario WAM)
• Ces 6200 GWh sont traduits en 2700 MW de puissance installée.
• Potentiel éolien additionnel estimé à 3,8 GW à l’horizon 2050, sur base des projets en étude d’incidences (source : EDORA). Valeur intégrant les contraintes actuelles, les effets de repowering et l’évolution vers des turbines plus puissantes.",
BEWAL,onwind,p_nom_max,6500,MW,2030,PNEC Wallon et EDORA,"• Potentiel technique, calculé comme la somme de ce qui est plausible d'atteindre en 2030 comme capacité et des projets à l'étude
• Les statistiques d'installation (fin 2024) indique que la Wallonie est sur la bonne trajectoire pour atteindre son objectif de production de 6200 GWh étoliens onshore annuels (PNEC wallon - scénario WAM)
• Ces 6200 GWh sont traduits en 2700 MW de puissance installée.
• Potentiel éolien additionnel estimé à 3,8 GW à l’horizon 2050, sur base des projets en étude d’incidences (source : EDORA). Valeur intégrant les contraintes actuelles, les effets de repowering et l’évolution vers des turbines plus puissantes.",
BEWAL,onwind,p_nom_max,6500,MW,2035,PNEC Wallon et EDORA,"• Potentiel technique, calculé comme la somme de ce qui est plausible d'atteindre en 2030 comme capacité et des projets à l'étude
• Les statistiques d'installation (fin 2024) indique que la Wallonie est sur la bonne trajectoire pour atteindre son objectif de production de 6200 GWh étoliens onshore annuels (PNEC wallon - scénario WAM)
• Ces 6200 GWh sont traduits en 2700 MW de puissance installée.
• Potentiel éolien additionnel estimé à 3,8 GW à l’horizon 2050, sur base des projets en étude d’incidences (source : EDORA). Valeur intégrant les contraintes actuelles, les effets de repowering et l’évolution vers des turbines plus puissantes.",
BEWAL,onwind,p_nom_max,6500,MW,2040,PNEC Wallon et EDORA,"• Potentiel technique, calculé comme la somme de ce qui est plausible d'atteindre en 2030 comme capacité et des projets à l'étude
• Les statistiques d'installation (fin 2024) indique que la Wallonie est sur la bonne trajectoire pour atteindre son objectif de production de 6200 GWh étoliens onshore annuels (PNEC wallon - scénario WAM)
• Ces 6200 GWh sont traduits en 2700 MW de puissance installée.
• Potentiel éolien additionnel estimé à 3,8 GW à l’horizon 2050, sur base des projets en étude d’incidences (source : EDORA). Valeur intégrant les contraintes actuelles, les effets de repowering et l’évolution vers des turbines plus puissantes.",
BEWAL,onwind,p_nom_max,6500,MW,2045,PNEC Wallon et EDORA,"• Potentiel technique, calculé comme la somme de ce qui est plausible d'atteindre en 2030 comme capacité et des projets à l'étude
• Les statistiques d'installation (fin 2024) indique que la Wallonie est sur la bonne trajectoire pour atteindre son objectif de production de 6200 GWh étoliens onshore annuels (PNEC wallon - scénario WAM)
• Ces 6200 GWh sont traduits en 2700 MW de puissance installée.
• Potentiel éolien additionnel estimé à 3,8 GW à l’horizon 2050, sur base des projets en étude d’incidences (source : EDORA). Valeur intégrant les contraintes actuelles, les effets de repowering et l’évolution vers des turbines plus puissantes.",
BEWAL,onwind,p_nom_max,6500,MW,2050,PNEC Wallon et EDORA,"• Potentiel technique, calculé comme la somme de ce qui est plausible d'atteindre en 2030 comme capacité et des projets à l'étude
• Les statistiques d'installation (fin 2024) indique que la Wallonie est sur la bonne trajectoire pour atteindre son objectif de production de 6200 GWh étoliens onshore annuels (PNEC wallon - scénario WAM)
• Ces 6200 GWh sont traduits en 2700 MW de puissance installée.
• Potentiel éolien additionnel estimé à 3,8 GW à l’horizon 2050, sur base des projets en étude d’incidences (source : EDORA). Valeur intégrant les contraintes actuelles, les effets de repowering et l’évolution vers des turbines plus puissantes.",
BEWAL,solar,p_nom_max,13000,MW,2025,"Cluster TWEED, Livre blanc de l'agrivoltaïsme (2025), Energie Commune, Renouvelle (2025)",Somme du potentiel des friches industrielles et de l'agrivoltaïsme,
BEWAL,solar,p_nom_max,13000,MW,2030,"Cluster TWEED, Livre blanc de l'agrivoltaïsme (2025), Energie Commune, Renouvelle (2025)",Somme du potentiel des friches industrielles et de l'agrivoltaïsme,
BEWAL,solar,p_nom_max,13000,MW,2035,"Cluster TWEED, Livre blanc de l'agrivoltaïsme (2025), Energie Commune, Renouvelle (2025)",Somme du potentiel des friches industrielles et de l'agrivoltaïsme,
BEWAL,solar,p_nom_max,13000,MW,2040,"Cluster TWEED, Livre blanc de l'agrivoltaïsme (2025), Energie Commune, Renouvelle (2025)",Somme du potentiel des friches industrielles et de l'agrivoltaïsme,
BEWAL,solar,p_nom_max,13000,MW,2045,"Cluster TWEED, Livre blanc de l'agrivoltaïsme (2025), Energie Commune, Renouvelle (2025)",Somme du potentiel des friches industrielles et de l'agrivoltaïsme,
BEWAL,solar,p_nom_max,13000,MW,2050,"Cluster TWEED, Livre blanc de l'agrivoltaïsme (2025), Energie Commune, Renouvelle (2025)",Somme du potentiel des friches industrielles et de l'agrivoltaïsme,
BEWAL,solar rooftop,p_nom_max,46000,MW,2025,"Energie Commune, Cartographie solaire de la Région Wallonne (2024)",Somme du potentiel des installations en toiture de bâtiments et d'ombrières de parking,
BEWAL,solar rooftop,p_nom_max,46000,MW,2030,"Energie Commune, Cartographie solaire de la Région Wallonne (2024)",Somme du potentiel des installations en toiture de bâtiments et d'ombrières de parking,
BEWAL,solar rooftop,p_nom_max,46000,MW,2035,"Energie Commune, Cartographie solaire de la Région Wallonne (2024)",Somme du potentiel des installations en toiture de bâtiments et d'ombrières de parking,
BEWAL,solar rooftop,p_nom_max,46000,MW,2040,"Energie Commune, Cartographie solaire de la Région Wallonne (2024)",Somme du potentiel des installations en toiture de bâtiments et d'ombrières de parking,
BEWAL,solar rooftop,p_nom_max,46000,MW,2045,"Energie Commune, Cartographie solaire de la Région Wallonne (2024)",Somme du potentiel des installations en toiture de bâtiments et d'ombrières de parking,
BEWAL,solar rooftop,p_nom_max,46000,MW,2050,"Energie Commune, Cartographie solaire de la Région Wallonne (2024)",Somme du potentiel des installations en toiture de bâtiments et d'ombrières de parking,
BEWAL,solid biomass,p_nom,11749,GWh/an,2025,Valbiom,,
BEWAL,solid biomass,p_nom,11749,GWh/an,2030,Valbiom,,
BEWAL,solid biomass,p_nom,11749,GWh/an,2035,Valbiom,,
BEWAL,solid biomass,p_nom,11749,GWh/an,2040,Valbiom,,
BEWAL,solid biomass,p_nom,11749,GWh/an,2045,Valbiom,,
BEWAL,solid biomass,p_nom,11749,GWh/an,2050,Valbiom,,
BEWAL,biogas,p_nom,1019,GWh/an,2025,ICEDD (A. Lempereur 2026-10-05): TIMES-WAL BNDACT BWBIOGAZ100 + existing biogas,"Cap on TOTAL Walloon biogas (sustainable + forced unsustainable generators; BEWAL_potentials clips the forced one where it exceeds the cap) in every horizon, 2026-10-06: ICEDD's TIMES-WAL bound on new digesters (BNDACT BWBIOGAZ100 1.00 / 5.15 / 9.62 / 14.40 / 22.64 PJ) + TIMES's existing biogas and landfill gas (~2.7 PJ in the base year). See docs/biogas.md §3.1.",
BEWAL,biogas,p_nom,2145,GWh/an,2030,ICEDD (A. Lempereur 2026-10-05): TIMES-WAL BNDACT BWBIOGAZ100 + existing biogas,"Cap on TOTAL Walloon biogas (sustainable + forced unsustainable generators; BEWAL_potentials clips the forced one where it exceeds the cap) in every horizon, 2026-10-06: ICEDD's TIMES-WAL bound on new digesters (BNDACT BWBIOGAZ100 1.00 / 5.15 / 9.62 / 14.40 / 22.64 PJ) + TIMES's existing biogas and landfill gas (~2.7 PJ in the base year). See docs/biogas.md §3.1.",
BEWAL,biogas,p_nom,3363,GWh/an,2035,ICEDD (A. Lempereur 2026-10-05): TIMES-WAL BNDACT BWBIOGAZ100 + existing biogas,"Cap on TOTAL Walloon biogas (sustainable + forced unsustainable generators; BEWAL_potentials clips the forced one where it exceeds the cap) in every horizon, 2026-10-06: ICEDD's TIMES-WAL bound on new digesters (BNDACT BWBIOGAZ100 1.00 / 5.15 / 9.62 / 14.40 / 22.64 PJ) + TIMES's existing biogas and landfill gas (~2.7 PJ in the base year). See docs/biogas.md §3.1.",
BEWAL,biogas,p_nom,4667,GWh/an,2040,ICEDD-Valbiom cap (common to TIMES and PyPSA) + existing biogas (TIMES-WAL),"Cap on TOTAL Walloon biogas (sustainable + forced unsustainable generators; BEWAL_potentials clips the forced one where it exceeds the cap) in every horizon, 2026-10-06: ICEDD's TIMES-WAL bound on new digesters (BNDACT BWBIOGAZ100 1.00 / 5.15 / 9.62 / 14.40 / 22.64 PJ) + TIMES's existing biogas and landfill gas (~2.7 PJ in the base year). See docs/biogas.md §3.1.",
BEWAL,biogas,p_nom,5800,GWh/an,2045,interpolated (= TIMES-WAL 2045 total),"Cap on TOTAL Walloon biogas (sustainable + forced unsustainable generators; BEWAL_potentials clips the forced one where it exceeds the cap) in every horizon, 2026-10-06: ICEDD's TIMES-WAL bound on new digesters (BNDACT BWBIOGAZ100 1.00 / 5.15 / 9.62 / 14.40 / 22.64 PJ) + TIMES's existing biogas and landfill gas (~2.7 PJ in the base year). See docs/biogas.md §3.1.",
BEWAL,biogas,p_nom,6933,GWh/an,2050,ICEDD-Valbiom cap (common to TIMES and PyPSA) + existing biogas (TIMES-WAL),"Cap on TOTAL Walloon biogas (sustainable + forced unsustainable generators; BEWAL_potentials clips the forced one where it exceeds the cap) in every horizon, 2026-10-06: ICEDD's TIMES-WAL bound on new digesters (BNDACT BWBIOGAZ100 1.00 / 5.15 / 9.62 / 14.40 / 22.64 PJ) + TIMES's existing biogas and landfill gas (~2.7 PJ in the base year). See docs/biogas.md §3.1.",
BEWAL,deep geothermal energy potential,potential_wal,228,GWh/an,2030,Resolia,,
BEWAL,waste heat,potential_wal,4523,GWh/an,2030,(1) ICEDD - Evaluation du potentiel de chaleur fatale en Wallonie et (2) PNEC 2023,,
BEWAL,battery,p_nom_min,286,MW,2025,docs/belgium-batteries-20260818.md,Utility BESS floor; wired from input_parameters_for_models.csv,
BEWAL,battery,p_nom_min,410,MW,2030,docs/belgium-batteries-20260818.md,Utility BESS floor; wired from input_parameters_for_models.csv,
BEWAL,battery,p_nom_min,410,MW,2035,docs/belgium-batteries-20260818.md,Utility BESS floor; wired from input_parameters_for_models.csv,
BEWAL,battery,p_nom_min,410,MW,2040,docs/belgium-batteries-20260818.md,Utility BESS floor; wired from input_parameters_for_models.csv,
BEWAL,battery,p_nom_min,410,MW,2045,docs/belgium-batteries-20260818.md,Utility BESS floor; wired from input_parameters_for_models.csv,
BEWAL,battery,p_nom_min,410,MW,2050,docs/belgium-batteries-20260818.md,Utility BESS floor; wired from input_parameters_for_models.csv,
BEVLG,battery,p_nom_min,250,MW,2025,docs/belgium-batteries-20260818.md,Utility BESS floor; wired from input_parameters_for_models.csv,
BEVLG,battery,p_nom_min,1860,MW,2030,docs/belgium-batteries-20260818.md,Utility BESS floor; wired from input_parameters_for_models.csv,
BEVLG,battery,p_nom_min,1860,MW,2035,docs/belgium-batteries-20260818.md,Utility BESS floor; wired from input_parameters_for_models.csv,
BEVLG,battery,p_nom_min,1860,MW,2040,docs/belgium-batteries-20260818.md,Utility BESS floor; wired from input_parameters_for_models.csv,
BEVLG,battery,p_nom_min,1860,MW,2045,docs/belgium-batteries-20260818.md,Utility BESS floor; wired from input_parameters_for_models.csv,
BEVLG,battery,p_nom_min,1860,MW,2050,docs/belgium-batteries-20260818.md,Utility BESS floor; wired from input_parameters_for_models.csv,
BEBRU,battery,p_nom_min,0,MW,2025,docs/belgium-batteries-20260818.md,Utility BESS floor; wired from input_parameters_for_models.csv,
BEBRU,battery,p_nom_min,0,MW,2030,docs/belgium-batteries-20260818.md,Utility BESS floor; wired from input_parameters_for_models.csv,
BEBRU,battery,p_nom_min,0,MW,2035,docs/belgium-batteries-20260818.md,Utility BESS floor; wired from input_parameters_for_models.csv,
BEBRU,battery,p_nom_min,0,MW,2040,docs/belgium-batteries-20260818.md,Utility BESS floor; wired from input_parameters_for_models.csv,
BEBRU,battery,p_nom_min,0,MW,2045,docs/belgium-batteries-20260818.md,Utility BESS floor; wired from input_parameters_for_models.csv,
BEBRU,battery,p_nom_min,0,MW,2050,docs/belgium-batteries-20260818.md,Utility BESS floor; wired from input_parameters_for_models.csv,
BEVLG,offwind,p_nom_max,8000,MW,2025,atlite offshore raster unusable in the southern North Sea - see docs/renewable-potentials-analysis.md,Long-run technical ceiling; the per-horizon envelope comes from agg_p_nom_minmax offwind-all,
BEVLG,offwind,p_nom_max,8000,MW,2030,atlite offshore raster unusable in the southern North Sea - see docs/renewable-potentials-analysis.md,Long-run technical ceiling; the per-horizon envelope comes from agg_p_nom_minmax offwind-all,
BEVLG,offwind,p_nom_max,8000,MW,2035,atlite offshore raster unusable in the southern North Sea - see docs/renewable-potentials-analysis.md,Long-run technical ceiling; the per-horizon envelope comes from agg_p_nom_minmax offwind-all,
BEVLG,offwind,p_nom_max,8000,MW,2040,atlite offshore raster unusable in the southern North Sea - see docs/renewable-potentials-analysis.md,Long-run technical ceiling; the per-horizon envelope comes from agg_p_nom_minmax offwind-all,
BEVLG,offwind,p_nom_max,8000,MW,2045,atlite offshore raster unusable in the southern North Sea - see docs/renewable-potentials-analysis.md,Long-run technical ceiling; the per-horizon envelope comes from agg_p_nom_minmax offwind-all,
BEVLG,offwind,p_nom_max,8000,MW,2050,atlite offshore raster unusable in the southern North Sea - see docs/renewable-potentials-analysis.md,Long-run technical ceiling; the per-horizon envelope comes from agg_p_nom_minmax offwind-all,
DE,offwind,p_nom_max,70000,MW,2025,atlite offshore raster unusable in the southern North Sea - see docs/renewable-potentials-analysis.md,Long-run technical ceiling; the per-horizon envelope comes from agg_p_nom_minmax offwind-all,
DE,offwind,p_nom_max,70000,MW,2030,atlite offshore raster unusable in the southern North Sea - see docs/renewable-potentials-analysis.md,Long-run technical ceiling; the per-horizon envelope comes from agg_p_nom_minmax offwind-all,
DE,offwind,p_nom_max,70000,MW,2035,atlite offshore raster unusable in the southern North Sea - see docs/renewable-potentials-analysis.md,Long-run technical ceiling; the per-horizon envelope comes from agg_p_nom_minmax offwind-all,
DE,offwind,p_nom_max,70000,MW,2040,atlite offshore raster unusable in the southern North Sea - see docs/renewable-potentials-analysis.md,Long-run technical ceiling; the per-horizon envelope comes from agg_p_nom_minmax offwind-all,
DE,offwind,p_nom_max,70000,MW,2045,atlite offshore raster unusable in the southern North Sea - see docs/renewable-potentials-analysis.md,Long-run technical ceiling; the per-horizon envelope comes from agg_p_nom_minmax offwind-all,
DE,offwind,p_nom_max,70000,MW,2050,atlite offshore raster unusable in the southern North Sea - see docs/renewable-potentials-analysis.md,Long-run technical ceiling; the per-horizon envelope comes from agg_p_nom_minmax offwind-all,
FR,offwind,p_nom_max,45000,MW,2025,atlite offshore raster unusable in the southern North Sea - see docs/renewable-potentials-analysis.md,Long-run technical ceiling; the per-horizon envelope comes from agg_p_nom_minmax offwind-all,
FR,offwind,p_nom_max,45000,MW,2030,atlite offshore raster unusable in the southern North Sea - see docs/renewable-potentials-analysis.md,Long-run technical ceiling; the per-horizon envelope comes from agg_p_nom_minmax offwind-all,
FR,offwind,p_nom_max,45000,MW,2035,atlite offshore raster unusable in the southern North Sea - see docs/renewable-potentials-analysis.md,Long-run technical ceiling; the per-horizon envelope comes from agg_p_nom_minmax offwind-all,
FR,offwind,p_nom_max,45000,MW,2040,atlite offshore raster unusable in the southern North Sea - see docs/renewable-potentials-analysis.md,Long-run technical ceiling; the per-horizon envelope comes from agg_p_nom_minmax offwind-all,
FR,offwind,p_nom_max,45000,MW,2045,atlite offshore raster unusable in the southern North Sea - see docs/renewable-potentials-analysis.md,Long-run technical ceiling; the per-horizon envelope comes from agg_p_nom_minmax offwind-all,
FR,offwind,p_nom_max,45000,MW,2050,atlite offshore raster unusable in the southern North Sea - see docs/renewable-potentials-analysis.md,Long-run technical ceiling; the per-horizon envelope comes from agg_p_nom_minmax offwind-all,
GB,offwind,p_nom_max,80000,MW,2025,atlite offshore raster unusable in the southern North Sea - see docs/renewable-potentials-analysis.md,Long-run technical ceiling; the per-horizon envelope comes from agg_p_nom_minmax offwind-all,
GB,offwind,p_nom_max,80000,MW,2030,atlite offshore raster unusable in the southern North Sea - see docs/renewable-potentials-analysis.md,Long-run technical ceiling; the per-horizon envelope comes from agg_p_nom_minmax offwind-all,
GB,offwind,p_nom_max,80000,MW,2035,atlite offshore raster unusable in the southern North Sea - see docs/renewable-potentials-analysis.md,Long-run technical ceiling; the per-horizon envelope comes from agg_p_nom_minmax offwind-all,
GB,offwind,p_nom_max,80000,MW,2040,atlite offshore raster unusable in the southern North Sea - see docs/renewable-potentials-analysis.md,Long-run technical ceiling; the per-horizon envelope comes from agg_p_nom_minmax offwind-all,
GB,offwind,p_nom_max,80000,MW,2045,atlite offshore raster unusable in the southern North Sea - see docs/renewable-potentials-analysis.md,Long-run technical ceiling; the per-horizon envelope comes from agg_p_nom_minmax offwind-all,
GB,offwind,p_nom_max,80000,MW,2050,atlite offshore raster unusable in the southern North Sea - see docs/renewable-potentials-analysis.md,Long-run technical ceiling; the per-horizon envelope comes from agg_p_nom_minmax offwind-all,
NL,offwind,p_nom_max,50000,MW,2025,atlite offshore raster unusable in the southern North Sea - see docs/renewable-potentials-analysis.md,Long-run technical ceiling; the per-horizon envelope comes from agg_p_nom_minmax offwind-all,
NL,offwind,p_nom_max,50000,MW,2030,atlite offshore raster unusable in the southern North Sea - see docs/renewable-potentials-analysis.md,Long-run technical ceiling; the per-horizon envelope comes from agg_p_nom_minmax offwind-all,
NL,offwind,p_nom_max,50000,MW,2035,atlite offshore raster unusable in the southern North Sea - see docs/renewable-potentials-analysis.md,Long-run technical ceiling; the per-horizon envelope comes from agg_p_nom_minmax offwind-all,
NL,offwind,p_nom_max,50000,MW,2040,atlite offshore raster unusable in the southern North Sea - see docs/renewable-potentials-analysis.md,Long-run technical ceiling; the per-horizon envelope comes from agg_p_nom_minmax offwind-all,
NL,offwind,p_nom_max,50000,MW,2045,atlite offshore raster unusable in the southern North Sea - see docs/renewable-potentials-analysis.md,Long-run technical ceiling; the per-horizon envelope comes from agg_p_nom_minmax offwind-all,
NL,offwind,p_nom_max,50000,MW,2050,atlite offshore raster unusable in the southern North Sea - see docs/renewable-potentials-analysis.md,Long-run technical ceiling; the per-horizon envelope comes from agg_p_nom_minmax offwind-all,
BEWAL,gas storage,e_nom_max,0,MWh,2025,Anderlues + Peronnes-lez-Binche closed 01/11/2012 (AM 06/12/2012); no salt-cavern geology in Wallonia,No underground gas store exists in Wallonia; the PyPSA-Eur gas Store is unbounded by default. Loenhout (BEVLG) is unaffected.,
BEWAL,gas storage,e_nom_max,0,MWh,2030,Anderlues + Peronnes-lez-Binche closed 01/11/2012 (AM 06/12/2012); no salt-cavern geology in Wallonia,No underground gas store exists in Wallonia; the PyPSA-Eur gas Store is unbounded by default. Loenhout (BEVLG) is unaffected.,
BEWAL,gas storage,e_nom_max,0,MWh,2035,Anderlues + Peronnes-lez-Binche closed 01/11/2012 (AM 06/12/2012); no salt-cavern geology in Wallonia,No underground gas store exists in Wallonia; the PyPSA-Eur gas Store is unbounded by default. Loenhout (BEVLG) is unaffected.,
BEWAL,gas storage,e_nom_max,0,MWh,2040,Anderlues + Peronnes-lez-Binche closed 01/11/2012 (AM 06/12/2012); no salt-cavern geology in Wallonia,No underground gas store exists in Wallonia; the PyPSA-Eur gas Store is unbounded by default. Loenhout (BEVLG) is unaffected.,
BEWAL,gas storage,e_nom_max,0,MWh,2045,Anderlues + Peronnes-lez-Binche closed 01/11/2012 (AM 06/12/2012); no salt-cavern geology in Wallonia,No underground gas store exists in Wallonia; the PyPSA-Eur gas Store is unbounded by default. Loenhout (BEVLG) is unaffected.,
BEWAL,gas storage,e_nom_max,0,MWh,2050,Anderlues + Peronnes-lez-Binche closed 01/11/2012 (AM 06/12/2012); no salt-cavern geology in Wallonia,No underground gas store exists in Wallonia; the PyPSA-Eur gas Store is unbounded by default. Loenhout (BEVLG) is unaffected.,
BEWAL,co2 storage,e_nom_max,0,Mt/a,2025,CO2StoP: no Belgian site (on- or offshore) clears min_size; no demonstrated Walloon storage,Documented zero — not a fillna and not the TIMES 7.1 Mt/a injection. Capture exports via co2_network to DE/NL/GB. docs/co2-sequestration.md (worklist item 2).,
BEWAL,co2 storage,e_nom_max,0,Mt/a,2030,CO2StoP: no Belgian site (on- or offshore) clears min_size; no demonstrated Walloon storage,Documented zero — not a fillna and not the TIMES 7.1 Mt/a injection. Capture exports via co2_network to DE/NL/GB. docs/co2-sequestration.md (worklist item 2).,
BEWAL,co2 storage,e_nom_max,0,Mt/a,2035,CO2StoP: no Belgian site (on- or offshore) clears min_size; no demonstrated Walloon storage,Documented zero — not a fillna and not the TIMES 7.1 Mt/a injection. Capture exports via co2_network to DE/NL/GB. docs/co2-sequestration.md (worklist item 2).,
BEWAL,co2 storage,e_nom_max,0,Mt/a,2040,CO2StoP: no Belgian site (on- or offshore) clears min_size; no demonstrated Walloon storage,Documented zero — not a fillna and not the TIMES 7.1 Mt/a injection. Capture exports via co2_network to DE/NL/GB. docs/co2-sequestration.md (worklist item 2).,
BEWAL,co2 storage,e_nom_max,0,Mt/a,2045,CO2StoP: no Belgian site (on- or offshore) clears min_size; no demonstrated Walloon storage,Documented zero — not a fillna and not the TIMES 7.1 Mt/a injection. Capture exports via co2_network to DE/NL/GB. docs/co2-sequestration.md (worklist item 2).,
BEWAL,co2 storage,e_nom_max,0,Mt/a,2050,CO2StoP: no Belgian site (on- or offshore) clears min_size; no demonstrated Walloon storage,Documented zero — not a fillna and not the TIMES 7.1 Mt/a injection. Capture exports via co2_network to DE/NL/GB. docs/co2-sequestration.md (worklist item 2).,
BEVLG,co2 storage,e_nom_max,0,Mt/a,2025,CO2StoP overlay is offshore-only; no Belgian EEZ site clears min_size; Campine basin not quantified for this study,Documented zero — not a fillna. No Northern-Lights export link. docs/co2-sequestration.md (worklist item 2).,
BEVLG,co2 storage,e_nom_max,0,Mt/a,2030,CO2StoP overlay is offshore-only; no Belgian EEZ site clears min_size; Campine basin not quantified for this study,Documented zero — not a fillna. No Northern-Lights export link. docs/co2-sequestration.md (worklist item 2).,
BEVLG,co2 storage,e_nom_max,0,Mt/a,2035,CO2StoP overlay is offshore-only; no Belgian EEZ site clears min_size; Campine basin not quantified for this study,Documented zero — not a fillna. No Northern-Lights export link. docs/co2-sequestration.md (worklist item 2).,
BEVLG,co2 storage,e_nom_max,0,Mt/a,2040,CO2StoP overlay is offshore-only; no Belgian EEZ site clears min_size; Campine basin not quantified for this study,Documented zero — not a fillna. No Northern-Lights export link. docs/co2-sequestration.md (worklist item 2).,
BEVLG,co2 storage,e_nom_max,0,Mt/a,2045,CO2StoP overlay is offshore-only; no Belgian EEZ site clears min_size; Campine basin not quantified for this study,Documented zero — not a fillna. No Northern-Lights export link. docs/co2-sequestration.md (worklist item 2).,
BEVLG,co2 storage,e_nom_max,0,Mt/a,2050,CO2StoP overlay is offshore-only; no Belgian EEZ site clears min_size; Campine basin not quantified for this study,Documented zero — not a fillna. No Northern-Lights export link. docs/co2-sequestration.md (worklist item 2).,
BEBRU,co2 storage,e_nom_max,0,Mt/a,2025,No geological CO2 storage in the Brussels-Capital Region,Documented zero — not a fillna. docs/co2-sequestration.md (worklist item 2).,
BEBRU,co2 storage,e_nom_max,0,Mt/a,2030,No geological CO2 storage in the Brussels-Capital Region,Documented zero — not a fillna. docs/co2-sequestration.md (worklist item 2).,
BEBRU,co2 storage,e_nom_max,0,Mt/a,2035,No geological CO2 storage in the Brussels-Capital Region,Documented zero — not a fillna. docs/co2-sequestration.md (worklist item 2).,
BEBRU,co2 storage,e_nom_max,0,Mt/a,2040,No geological CO2 storage in the Brussels-Capital Region,Documented zero — not a fillna. docs/co2-sequestration.md (worklist item 2).,
BEBRU,co2 storage,e_nom_max,0,Mt/a,2045,No geological CO2 storage in the Brussels-Capital Region,Documented zero — not a fillna. docs/co2-sequestration.md (worklist item 2).,
BEBRU,co2 storage,e_nom_max,0,Mt/a,2050,No geological CO2 storage in the Brussels-Capital Region,Documented zero — not a fillna. docs/co2-sequestration.md (worklist item 2).,
BEWAL,co2 disposal service,e_nom_max,0,ktCO2/year,2025,"PyPSA central: route closed (input_parameters_for_models.csv, 2026-10-06)","Walloon CO2 disposal service (TIMES-WAL CO2STG01 export route, e.g. Antwerp terminal + Northern Lights): annual volume. 0 = route closed: in every horizon of the central since 2026-10-06 (and of every scenario but scen_noccsccgt_route, which re-opens it at TIMES's 4 000 / 6 000 / 7 000 / 8 000 kt in 2035-2050). When open: Walloon-captured CO2 only; the endogenous pipeline route stays open above it.",
BEWAL,co2 disposal service,e_nom_max,0,ktCO2/year,2030,"PyPSA central: route closed (input_parameters_for_models.csv, 2026-10-06)","Walloon CO2 disposal service (TIMES-WAL CO2STG01 export route, e.g. Antwerp terminal + Northern Lights): annual volume. 0 = route closed: in every horizon of the central since 2026-10-06 (and of every scenario but scen_noccsccgt_route, which re-opens it at TIMES's 4 000 / 6 000 / 7 000 / 8 000 kt in 2035-2050). When open: Walloon-captured CO2 only; the endogenous pipeline route stays open above it.",
BEWAL,co2 disposal service,e_nom_max,0,ktCO2/year,2035,"PyPSA central: route closed (input_parameters_for_models.csv, 2026-10-06)","Walloon CO2 disposal service (TIMES-WAL CO2STG01 export route, e.g. Antwerp terminal + Northern Lights): annual volume. 0 = route closed: in every horizon of the central since 2026-10-06 (and of every scenario but scen_noccsccgt_route, which re-opens it at TIMES's 4 000 / 6 000 / 7 000 / 8 000 kt in 2035-2050). When open: Walloon-captured CO2 only; the endogenous pipeline route stays open above it.",
BEWAL,co2 disposal service,e_nom_max,0,ktCO2/year,2040,"PyPSA central: route closed (input_parameters_for_models.csv, 2026-10-06)","Walloon CO2 disposal service (TIMES-WAL CO2STG01 export route, e.g. Antwerp terminal + Northern Lights): annual volume. 0 = route closed: in every horizon of the central since 2026-10-06 (and of every scenario but scen_noccsccgt_route, which re-opens it at TIMES's 4 000 / 6 000 / 7 000 / 8 000 kt in 2035-2050). When open: Walloon-captured CO2 only; the endogenous pipeline route stays open above it.",
BEWAL,co2 disposal service,e_nom_max,0,ktCO2/year,2045,"PyPSA central: route closed (input_parameters_for_models.csv, 2026-10-06)","Walloon CO2 disposal service (TIMES-WAL CO2STG01 export route, e.g. Antwerp terminal + Northern Lights): annual volume. 0 = route closed: in every horizon of the central since 2026-10-06 (and of every scenario but scen_noccsccgt_route, which re-opens it at TIMES's 4 000 / 6 000 / 7 000 / 8 000 kt in 2035-2050). When open: Walloon-captured CO2 only; the endogenous pipeline route stays open above it.",
BEWAL,co2 disposal service,e_nom_max,0,ktCO2/year,2050,"PyPSA central: route closed (input_parameters_for_models.csv, 2026-10-06)","Walloon CO2 disposal service (TIMES-WAL CO2STG01 export route, e.g. Antwerp terminal + Northern Lights): annual volume. 0 = route closed: in every horizon of the central since 2026-10-06 (and of every scenario but scen_noccsccgt_route, which re-opens it at TIMES's 4 000 / 6 000 / 7 000 / 8 000 kt in 2035-2050). When open: Walloon-captured CO2 only; the endogenous pipeline route stays open above it.",
BEWAL,co2 disposal service,vom_downstream,70,EUR2025/tCO2,2025,ICEDD / TIMES-WAL CO2STG01 (input_parameters_for_models.csv),"Downstream ship-or-pay tariff (terminal, shipping, storage) per tonne, TIMES CO2STG01 VOM",2025
BEWAL,co2 disposal service,vom_downstream,70,EUR2025/tCO2,2030,ICEDD / TIMES-WAL CO2STG01 (input_parameters_for_models.csv),"Downstream ship-or-pay tariff (terminal, shipping, storage) per tonne, TIMES CO2STG01 VOM",2025
BEWAL,co2 disposal service,vom_downstream,70,EUR2025/tCO2,2035,ICEDD / TIMES-WAL CO2STG01 (input_parameters_for_models.csv),"Downstream ship-or-pay tariff (terminal, shipping, storage) per tonne, TIMES CO2STG01 VOM",2025
BEWAL,co2 disposal service,vom_downstream,58,EUR2025/tCO2,2040,ICEDD / TIMES-WAL CO2STG01 (input_parameters_for_models.csv),"Downstream ship-or-pay tariff (terminal, shipping, storage) per tonne, TIMES CO2STG01 VOM",2025
BEWAL,co2 disposal service,vom_downstream,54,EUR2025/tCO2,2045,ICEDD / TIMES-WAL CO2STG01 (input_parameters_for_models.csv),"Downstream ship-or-pay tariff (terminal, shipping, storage) per tonne, TIMES CO2STG01 VOM",2025
BEWAL,co2 disposal service,vom_downstream,50,EUR2025/tCO2,2050,ICEDD / TIMES-WAL CO2STG01 (input_parameters_for_models.csv),"Downstream ship-or-pay tariff (terminal, shipping, storage) per tonne, TIMES CO2STG01 VOM",2025
BEWAL,co2 disposal service,vom_onshore,13.8,EUR2025/tCO2,2025,ICEDD / TIMES-WAL CO2STG01 (input_parameters_for_models.csv),"Walloon onshore collection + backbone, levelised per tonne (TIMES STORAGEMININD/ELC)",2025
BEWAL,co2 disposal service,vom_onshore,13.8,EUR2025/tCO2,2030,ICEDD / TIMES-WAL CO2STG01 (input_parameters_for_models.csv),"Walloon onshore collection + backbone, levelised per tonne (TIMES STORAGEMININD/ELC)",2025
BEWAL,co2 disposal service,vom_onshore,13.8,EUR2025/tCO2,2035,ICEDD / TIMES-WAL CO2STG01 (input_parameters_for_models.csv),"Walloon onshore collection + backbone, levelised per tonne (TIMES STORAGEMININD/ELC)",2025
BEWAL,co2 disposal service,vom_onshore,13.8,EUR2025/tCO2,2040,ICEDD / TIMES-WAL CO2STG01 (input_parameters_for_models.csv),"Walloon onshore collection + backbone, levelised per tonne (TIMES STORAGEMININD/ELC)",2025
BEWAL,co2 disposal service,vom_onshore,13.8,EUR2025/tCO2,2045,ICEDD / TIMES-WAL CO2STG01 (input_parameters_for_models.csv),"Walloon onshore collection + backbone, levelised per tonne (TIMES STORAGEMININD/ELC)",2025
BEWAL,co2 disposal service,vom_onshore,13.8,EUR2025/tCO2,2050,ICEDD / TIMES-WAL CO2STG01 (input_parameters_for_models.csv),"Walloon onshore collection + backbone, levelised per tonne (TIMES STORAGEMININD/ELC)",2025
BEWAL,process emissions,p_set,4411.62,kt/year,2025,TIMES scen_central_v01_261002_0210.vd: VAR_FOut INDCO2P + INDCO2c - combustion CO2 captured (-INDCO2N of the INDCO2c processes); scripts/walloon_scripts/extract_times_softlink_values.py process_emissions_breakdown (docs/ccs_alignment.md S11.1),"2026-10-10: unchanged, no CC process runs before 2035, so gross = emitted (4411.62). GROSS fossil PROCESS CO2, i.e. the injection upstream of `process emissions CC`. The fuel CO2 captured by the same units is NOT process CO2: in PyPSA it comes from the industrial fuel demand and is captured by solid biomass / gas for industry CC, so loading it here counted it twice (1.2-1.6 Mt/a of phantom fossil CO2 from 2035). Same in every 2 Oct export to 0.3 %. Biogenic INDCO2b excluded. Capture floor (STORAGEMININD, item 9) covers process + fuel capture.",
BEWAL,process emissions,p_set,3946.10,kt/year,2030,TIMES scen_central_v01_261002_0210.vd: VAR_FOut INDCO2P + INDCO2c - combustion CO2 captured (-INDCO2N of the INDCO2c processes); scripts/walloon_scripts/extract_times_softlink_values.py process_emissions_breakdown (docs/ccs_alignment.md S11.1),"2026-10-10: unchanged, no CC process runs before 2035, so gross = emitted (3946.10). GROSS fossil PROCESS CO2, i.e. the injection upstream of `process emissions CC`. The fuel CO2 captured by the same units is NOT process CO2: in PyPSA it comes from the industrial fuel demand and is captured by solid biomass / gas for industry CC, so loading it here counted it twice (1.2-1.6 Mt/a of phantom fossil CO2 from 2035). Same in every 2 Oct export to 0.3 %. Biogenic INDCO2b excluded. Capture floor (STORAGEMININD, item 9) covers process + fuel capture.",
BEWAL,process emissions,p_set,3872.98,kt/year,2035,TIMES scen_central_v01_261002_0210.vd: VAR_FOut INDCO2P + INDCO2c - combustion CO2 captured (-INDCO2N of the INDCO2c processes); scripts/walloon_scripts/extract_times_softlink_values.py process_emissions_breakdown (docs/ccs_alignment.md S11.1),"2026-10-10 (was 5329.0, from the 3 Sep export): 2053.66 emitted + 1819.32 process CO2 captured (INDCO2c 2543.8 minus 724.5 of fuel CO2 the kilns and oxy-fuel furnaces capture with it). GROSS fossil PROCESS CO2, i.e. the injection upstream of `process emissions CC`. The fuel CO2 captured by the same units is NOT process CO2: in PyPSA it comes from the industrial fuel demand and is captured by solid biomass / gas for industry CC, so loading it here counted it twice (1.2-1.6 Mt/a of phantom fossil CO2 from 2035). Same in every 2 Oct export to 0.3 %. Biogenic INDCO2b excluded. Capture floor (STORAGEMININD, item 9) covers process + fuel capture.",
BEWAL,process emissions,p_set,3875.28,kt/year,2040,TIMES scen_central_v01_261002_0210.vd: VAR_FOut INDCO2P + INDCO2c - combustion CO2 captured (-INDCO2N of the INDCO2c processes); scripts/walloon_scripts/extract_times_softlink_values.py process_emissions_breakdown (docs/ccs_alignment.md S11.1),"2026-10-10 (was 5433.90, from the 3 Sep export): 1112.09 emitted + 2763.19 process CO2 captured (INDCO2c 4145.3 minus 1382.1 of fuel CO2 the kilns and oxy-fuel furnaces capture with it). GROSS fossil PROCESS CO2, i.e. the injection upstream of `process emissions CC`. The fuel CO2 captured by the same units is NOT process CO2: in PyPSA it comes from the industrial fuel demand and is captured by solid biomass / gas for industry CC, so loading it here counted it twice (1.2-1.6 Mt/a of phantom fossil CO2 from 2035). Same in every 2 Oct export to 0.3 %. Biogenic INDCO2b excluded. Capture floor (STORAGEMININD, item 9) covers process + fuel capture.",
BEWAL,process emissions,p_set,3883.98,kt/year,2045,TIMES scen_central_v01_261002_0210.vd: VAR_FOut INDCO2P + INDCO2c - combustion CO2 captured (-INDCO2N of the INDCO2c processes); scripts/walloon_scripts/extract_times_softlink_values.py process_emissions_breakdown (docs/ccs_alignment.md S11.1),"2026-10-10 (was 5447.5, from the 3 Sep export): 322.40 emitted + 3561.59 process CO2 captured (INDCO2c 5147.2 minus 1585.6 of fuel CO2 the kilns and oxy-fuel furnaces capture with it). GROSS fossil PROCESS CO2, i.e. the injection upstream of `process emissions CC`. The fuel CO2 captured by the same units is NOT process CO2: in PyPSA it comes from the industrial fuel demand and is captured by solid biomass / gas for industry CC, so loading it here counted it twice (1.2-1.6 Mt/a of phantom fossil CO2 from 2035). Same in every 2 Oct export to 0.3 %. Biogenic INDCO2b excluded. Capture floor (STORAGEMININD, item 9) covers process + fuel capture.",
BEWAL,process emissions,p_set,3880.12,kt/year,2050,TIMES scen_central_v01_261002_0210.vd: VAR_FOut INDCO2P + INDCO2c - combustion CO2 captured (-INDCO2N of the INDCO2c processes); scripts/walloon_scripts/extract_times_softlink_values.py process_emissions_breakdown (docs/ccs_alignment.md S11.1),"2026-10-10 (was 5108.04, from the 3 Sep export): 353.14 emitted + 3526.98 process CO2 captured (INDCO2c 5119.6 minus 1592.6 of fuel CO2 the kilns and oxy-fuel furnaces capture with it). GROSS fossil PROCESS CO2, i.e. the injection upstream of `process emissions CC`. The fuel CO2 captured by the same units is NOT process CO2: in PyPSA it comes from the industrial fuel demand and is captured by solid biomass / gas for industry CC, so loading it here counted it twice (1.2-1.6 Mt/a of phantom fossil CO2 from 2035). Same in every 2 Oct export to 0.3 %. Biogenic INDCO2b excluded. Capture floor (STORAGEMININD, item 9) covers process + fuel capture.",
BEWAL,CCGT CC,p_nom_max,0,MW,2025,Consortium decision 2026-09-24,Uncapped in the central scenario; scen_noccsccgt sets 0 (no capture on Walloon gas plants),
BEWAL,CCGT CC,p_nom_max,0,MW,2030,Consortium decision 2026-09-24,Uncapped in the central scenario; scen_noccsccgt sets 0 (no capture on Walloon gas plants),
BEWAL,CCGT CC,p_nom_max,0,MW,2035,Consortium decision 2026-09-24,Uncapped in the central scenario; scen_noccsccgt sets 0 (no capture on Walloon gas plants),
BEWAL,CCGT CC,p_nom_max,0,MW,2040,Consortium decision 2026-09-24,Uncapped in the central scenario; scen_noccsccgt sets 0 (no capture on Walloon gas plants),
BEWAL,CCGT CC,p_nom_max,0,MW,2045,Consortium decision 2026-09-24,Uncapped in the central scenario; scen_noccsccgt sets 0 (no capture on Walloon gas plants),
BEWAL,CCGT CC,p_nom_max,0,MW,2050,Consortium decision 2026-09-24,Uncapped in the central scenario; scen_noccsccgt sets 0 (no capture on Walloon gas plants),
BEWAL,urban central gas CHP CC,p_nom_max,0,MW,2025,Consortium decision 2026-09-24,Uncapped in the central scenario; scen_noccsccgt sets 0 (no capture on Walloon gas plants),
BEWAL,urban central gas CHP CC,p_nom_max,0,MW,2030,Consortium decision 2026-09-24,Uncapped in the central scenario; scen_noccsccgt sets 0 (no capture on Walloon gas plants),
BEWAL,urban central gas CHP CC,p_nom_max,0,MW,2035,Consortium decision 2026-09-24,Uncapped in the central scenario; scen_noccsccgt sets 0 (no capture on Walloon gas plants),
BEWAL,urban central gas CHP CC,p_nom_max,0,MW,2040,Consortium decision 2026-09-24,Uncapped in the central scenario; scen_noccsccgt sets 0 (no capture on Walloon gas plants),
BEWAL,urban central gas CHP CC,p_nom_max,0,MW,2045,Consortium decision 2026-09-24,Uncapped in the central scenario; scen_noccsccgt sets 0 (no capture on Walloon gas plants),
BEWAL,urban central gas CHP CC,p_nom_max,0,MW,2050,Consortium decision 2026-09-24,Uncapped in the central scenario; scen_noccsccgt sets 0 (no capture on Walloon gas plants),
BEWAL,urban central solid biomass CHP CC,p_nom_max,0,MW,2025,Consortium decision 2026-09-30,Uncapped in the central scenario; scen_noccsccgt sets 0 (capture on industrial processes only),
BEWAL,urban central solid biomass CHP CC,p_nom_max,0,MW,2030,Consortium decision 2026-09-30,Uncapped in the central scenario; scen_noccsccgt sets 0 (capture on industrial processes only),
BEWAL,urban central solid biomass CHP CC,p_nom_max,0,MW,2035,Consortium decision 2026-09-30,Uncapped in the central scenario; scen_noccsccgt sets 0 (capture on industrial processes only),
BEWAL,urban central solid biomass CHP CC,p_nom_max,0,MW,2040,Consortium decision 2026-09-30,Uncapped in the central scenario; scen_noccsccgt sets 0 (capture on industrial processes only),
BEWAL,urban central solid biomass CHP CC,p_nom_max,0,MW,2045,Consortium decision 2026-09-30,Uncapped in the central scenario; scen_noccsccgt sets 0 (capture on industrial processes only),
BEWAL,urban central solid biomass CHP CC,p_nom_max,0,MW,2050,Consortium decision 2026-09-30,Uncapped in the central scenario; scen_noccsccgt sets 0 (capture on industrial processes only),
