# Per-corridor network cost overrides, read by scripts/walloon_scripts/network_calibration.py
# (sector.network_calibration.transmission_cost_overrides). Decisions and sources:
# docs/network-costs-review-20260928.md §6.5.
#   investment           EUR2025 per MW of branch capacity, total (length and terminals included),
#                        annualised like the `reference` cost row; SET, re-applied in add_brownfield.
#   capital_cost_factor  multiplier on the capital cost of the branches a horizon creates; applied once.
# The CO2 pipeline rows are generated by scripts/walloon_scripts/build_co2_trunk_overrides.py.
component,carrier,bus0,bus1,parameter,value,reference,unit,source
Link,DC,BEWAL,DE,investment,692600.0,HVDC inverter pair,EUR2025/MW,"ALEGrO (Lixhe-Oberzier, 94 km, 1 000 MW): 490-550 MEUR2015, midpoint 520, ENTSO-E TYNDP 2016 project 92 sheet (excl. 35-45 MEUR Belgian AC reinforcements). x1.332 EUR2015->EUR2025 (EU27 HICP 2016-20 then common_parameters_meta factor_2020_to_2025). Also prices the 2nd BE-DE HVDC of the NTC table."
Link,CO2 pipeline,BEVLG,BEWAL,capital_cost_factor,0.5277,,-,six-tenths rule on 1483 t/h (scen_central_20260924_vd260923); DEA reference 300 t/h
Link,CO2 pipeline,BEVLG,FR,capital_cost_factor,0.8719,,-,six-tenths rule on 423 t/h (scen_central_20260924_vd260923); DEA reference 300 t/h
Link,CO2 pipeline,BEVLG,GB,capital_cost_factor,0.4586,,-,six-tenths rule on 2106 t/h (scen_central_20260924_vd260923); DEA reference 300 t/h
Link,CO2 pipeline,BEVLG,NL,capital_cost_factor,0.5596,,-,six-tenths rule on 1281 t/h (scen_central_20260924_vd260923); DEA reference 300 t/h
Link,CO2 pipeline,BEWAL,DE,capital_cost_factor,0.597,,-,six-tenths rule on 1089 t/h (scen_central_20260924_vd260923); DEA reference 300 t/h
Link,CO2 pipeline,BEWAL,LU,capital_cost_factor,0.8157,,-,six-tenths rule on 499 t/h (scen_central_20260924_vd260923); DEA reference 300 t/h
Link,CO2 pipeline,DE,FR,capital_cost_factor,0.3245,,-,six-tenths rule on 5001 t/h (scen_central_20260924_vd260923); DEA reference 300 t/h
Link,CO2 pipeline,FR,GB,capital_cost_factor,0.3093,,-,six-tenths rule on 5638 t/h (scen_central_20260924_vd260923); DEA reference 300 t/h
