rule,kind,family,share_fleet,share_region,avoidance,parks_mostly_inside
natura2000,layer,nature,0.002,0.1309,0.015,1
reserves_forest,layer,nature,0.0,0.0006,0.0,0
reserves_domanial,layer,nature,0.0,0.0085,0.0,0
reserves_agreed,layer,nature,0.0,0.0031,0.0,0
wetlands,layer,nature,0.0,0.0008,0.0,0
caves,layer,nature,0.0,0.0,0.0,0
pds_natural,layer,nature,0.0023,0.0135,0.172,0
pds_park,layer,nature,0.0,0.0073,0.0,0
pds_ecolinks,layer,nature,0.0,0.0,0.0,0
terril_inplace,layer,nature,0.0,0.0011,0.0,0
pds_forest,layer,forest,0.0012,0.2908,0.004,0
pds_greenspace,layer,forest,0.0286,0.0224,1.276,3
pds_landscape,layer,landscape,0.0093,0.1868,0.05,2
pds_iche,layer,landscape,0.0,0.0035,0.0,0
adesa_landscape,layer,landscape,0.0311,0.2117,0.147,4
heritage_sites,layer,landscape,0.0,0.0146,0.0,0
heritage_ensembles,layer,landscape,0.0,0.0001,0.0,0
heritage_protection,layer,landscape,0.0,0.0027,0.0,0
heritage_unesco,layer,landscape,0.0,0.0032,0.0,0
flood_high,layer,hazard,0.0,0.0118,0.0,0
flood_extreme,layer,hazard,0.1779,0.0964,1.846,16
karst,layer,hazard,0.0,0.0005,0.0,0
landslide,layer,hazard,0.0,0.0002,0.0,0
steep_slopes,layer,hazard,0.0018,0.0076,0.24,0
water_capture,layer,hazard,0.0048,0.0056,0.857,3
motorways,layer,built,0.0,0.0026,0.0,0
roads,layer,built,0.0027,0.0126,0.212,0
railways,layer,built,0.002,0.0041,0.492,0
hv_lines,layer,built,0.0035,0.0045,0.769,0
family:nature,family,nature,0.0043,0.1429,0.03,1
family:forest,family,forest,0.0298,0.3132,0.095,3
family:cover,family,cover,0.0434,0.3187,0.136,1
family:landscape,family,landscape,0.0093,0.2003,0.046,2
family:hazard,family,hazard,0.0067,0.0253,0.263,3
family:terrain,family,terrain,0.1262,0.2217,0.569,7
family:built,family,built,0.4397,0.0758,5.804,46
slope>=5%,terrain,terrain,0.3499,0.5732,0.61,31
slope>=7%,terrain,terrain,0.2501,0.4117,0.608,19
slope>=10%,terrain,terrain,0.1552,0.2573,0.603,10
slope>=15%,terrain,terrain,0.0842,0.1356,0.621,4
slope>=20%,terrain,terrain,0.0509,0.0816,0.624,4
water,cover,water,0.1033,0.0066,15.562,6
mask:pds_cet,mask,gisement,0.069,0.0002,427.385,2
mask:pds_extraction,mask,gisement,0.1766,0.0089,19.754,12
mask:pds_zae,mask,gisement,0.3893,0.0169,23.092,39
mask:pds_zspec,mask,gisement,0.0402,0.0185,2.172,10
mask:pds_agri,mask,gisement,0.1395,0.4934,0.283,12
mask:pds_habitat,mask,gisement,0.0479,0.1195,0.401,8
mask:sar,mask,gisement,0.0679,0.0048,14.246,7
mask:terril_worked,mask,gisement,0.0133,0.001,12.934,2
mask:quarries_active,mask,gisement,0.1773,0.0035,50.525,13
mask:lpis_agri,mask,gisement,0.0479,0.4709,0.102,2
mask:water_basin,mask,gisement,0.0,0.0001,0.0,0
mask:water_any,mask,gisement,0.0975,0.002,48.936,3
mask:infra_edge,mask,gisement,0.0476,0.02,2.375,5
sigec_class=1,mask,gisement,0.0096,0.187,0.052,0
sigec_class=2,mask,gisement,0.0002,0.0242,0.007,0
sigec_class=3,mask,gisement,0.0244,0.2268,0.108,1
sigec_class=4,mask,gisement,0.0,0.0023,0.0,0
sigec_class=5,mask,gisement,0.0,0.0065,0.0,0
soil_quality=1,soil,soil,0.0116,0.0216,0.539,2
soil_quality=2,soil,soil,0.0274,0.0437,0.628,2
soil_quality=3,soil,soil,0.0489,0.1028,0.475,5
soil_quality=4,soil,soil,0.1774,0.1416,1.253,6
soil_quality=5,soil,soil,0.0442,0.1672,0.265,5
