gisement,system,eligible_ha,after_park_rule_ha,openable_ha,mwc_per_ha,technical_mwc,open_ha,policy_mwc
water_industrial,floating,543.8,543.8,543.8,0.375,203.9,543.8,203.9
water_other,floating,1513.6,1513.6,0.0,0.375,567.6,0.0,0.0
cet,ground,99.0,66.1,65.2,1.0,66.1,65.2,65.2
sar,ground,1767.6,967.4,860.8,1.0,967.4,860.8,860.8
terril,ground,121.1,47.4,41.1,1.0,47.4,41.1,41.1
quarry_active,ground,1564.1,980.8,0.0,1.0,980.8,0.0,0.0
agri_grassland_perm,agrivoltaic_grazing,186751.3,173872.4,149647.0,0.7,121710.7,3781.3,2646.9
agri_grassland_temp,agrivoltaic_grazing,31120.9,30178.1,25811.6,0.7,21124.7,652.2,456.5
agri_arable,agrivoltaic_crops,323174.4,319045.6,0.0,0.35,111666.0,0.0,0.0
agri_perennial,agrivoltaic_canopy,3174.6,3099.2,0.0,0.6,1859.5,0.0,0.0
agri_other,agrivoltaic_grazing,7377.9,6937.6,0.0,0.7,4856.3,0.0,0.0
extraction,ground,969.0,693.0,495.2,1.0,693.0,495.2,495.2
infra_edge,ground,2727.6,949.3,225.9,1.0,949.3,225.9,225.9
zae,ground,5141.0,2787.5,2333.9,1.0,2787.5,583.5,583.5
zspec,ground,5160.4,2761.8,2138.7,1.0,2761.8,534.7,534.7
agri_zone_poor,ground,5280.8,4696.9,2741.5,1.0,4696.9,140.4,140.4
agri_zone_unfarmed,ground,57807.2,50304.2,0.0,1.0,50304.2,0.0,0.0
habitat,ground,63961.6,29720.6,0.0,1.0,29720.6,0.0,0.0
other,ground,840.6,398.7,0.0,1.0,398.7,0.0,0.0
