case,group,label,technical_mwc,policy_mwc,eligible_ha,after_park_rule_ha,open_ha,water_industrial_mwc,water_other_mwc,cet_mwc,sar_mwc,terril_mwc,quarry_active_mwc,agri_grassland_perm_mwc,agri_grassland_temp_mwc,agri_arable_mwc,agri_perennial_mwc,agri_other_mwc,extraction_mwc,infra_edge_mwc,zae_mwc,zspec_mwc,agri_zone_poor_mwc,agri_zone_unfarmed_mwc,habitat_mwc,other_mwc,delta_mwc,delta_pct
reference,reference,reference (circular of 14 March 2024 as it stands),356362.0,6254.0,699096.0,629564.0,7924.0,203.9,0.0,65.2,860.8,41.1,0.0,2646.9,456.5,0.0,0.0,0.0,495.2,225.9,583.5,534.7,140.4,0.0,0.0,0.0,0.0,0.0
sar_reserved,policy,brownfields kept for reindustrialisation (no PV on SAR),356362.0,5373.0,699096.0,629564.0,7043.0,203.9,0.0,65.2,0.0,34.9,0.0,2646.9,456.6,0.0,0.0,0.0,493.9,222.3,576.2,532.8,140.3,0.0,0.0,0.0,-881.0,-14.1
zae_closed,policy,no PV in economic-activity and public-service zones,356362.0,4995.0,699096.0,629564.0,6665.0,203.9,0.0,65.1,827.6,37.8,0.0,2646.8,456.7,0.0,0.0,0.0,493.0,124.0,0.0,0.0,139.9,0.0,0.0,0.0,-1259.0,-20.1
zae_open,policy,"all unbuilt, unfarmed land in economic-activity and public-service zones",356362.0,9608.0,699096.0,629564.0,11278.0,203.9,0.0,65.2,860.8,41.1,0.0,2646.9,456.5,0.0,0.0,0.0,495.2,225.9,2333.9,2138.7,140.4,0.0,0.0,0.0,3354.0,53.6
water_open,policy,"floating PV on every water body of 1 ha or more, not only industrial ones",356362.0,6822.0,699096.0,629564.0,9438.0,203.9,567.6,65.2,860.8,41.1,0.0,2646.9,456.5,0.0,0.0,0.0,495.2,225.9,583.5,534.7,140.4,0.0,0.0,0.0,568.0,9.1
poor_soils_none,policy,no derogation on poor soils,356362.0,6099.0,699096.0,629564.0,7769.0,203.9,0.0,65.2,859.0,41.1,0.0,2646.6,456.8,0.0,0.0,0.0,494.4,217.6,582.0,532.4,0.0,0.0,0.0,0.0,-155.0,-2.5
poor_soils_all,policy,"derogation on all mapped-poor, unfarmed land of the agricultural zone",356362.0,8855.0,699096.0,629564.0,10525.0,203.9,0.0,65.2,860.8,41.1,0.0,2646.9,456.5,0.0,0.0,0.0,495.2,225.9,583.5,534.7,2741.5,0.0,0.0,0.0,2601.0,41.6
agri_closed,policy,no agrivoltaics (circular as it stands: research pilots only),356362.0,2665.0,699096.0,629564.0,3005.0,203.9,0.0,64.9,827.0,39.2,0.0,0.0,0.0,0.0,0.0,0.0,433.4,99.0,507.7,433.2,57.1,0.0,0.0,0.0,-3589.0,-57.4
agri_quota_1,policy,"agrivoltaics on grassland, capped at 1 % of the SAU",356362.0,8323.0,699096.0,629564.0,10880.0,203.9,0.0,65.2,860.8,41.1,0.0,4411.5,760.9,0.0,0.0,0.0,495.2,225.9,583.5,534.7,140.4,0.0,0.0,0.0,2069.0,33.1
agri_quota_2,policy,"agrivoltaics on grassland, capped at 2 % of the SAU",356362.0,13496.0,699096.0,629564.0,18269.0,203.9,0.0,65.2,860.8,41.1,0.0,8823.1,1521.9,0.0,0.0,0.0,495.2,225.9,583.5,534.7,140.4,0.0,0.0,0.0,7242.0,115.8
agri_grassland_all,policy,"agrivoltaics on every eligible grassland parcel, no quota",356362.0,125972.0,699096.0,629564.0,178949.0,203.9,0.0,65.2,860.8,41.1,0.0,104752.9,18068.1,0.0,0.0,0.0,495.2,225.9,583.5,534.7,140.4,0.0,0.0,0.0,119718.0,1914.3
agri_poor_soils,policy,"agrivoltaics on any crop, poor soils only, no quota",356362.0,24656.0,699096.0,629564.0,46471.0,203.9,0.0,65.0,830.1,39.3,0.0,10322.7,2466.9,8465.3,102.2,478.5,445.1,111.6,514.4,443.6,167.1,0.0,0.0,0.0,18402.0,294.2
agri_all,policy,"agrivoltaics on every eligible parcel, any crop, no quota",356362.0,251964.0,699096.0,629564.0,515778.0,203.9,0.0,65.5,906.2,43.2,0.0,112009.7,20237.6,109675.0,1777.0,4503.7,643.6,451.0,657.2,591.8,198.9,0.0,0.0,0.0,245710.0,3928.8
curtilage_20,judgement,poor soils: gardens and yards taken as 20 m around buildings,356362.0,6270.0,699096.0,629564.0,7940.0,203.9,0.0,65.2,860.8,41.1,0.0,2646.9,456.5,0.0,0.0,0.0,495.2,225.9,583.5,534.7,156.3,0.0,0.0,0.0,16.0,0.3
curtilage_60,judgement,poor soils: gardens and yards taken as 60 m around buildings,356362.0,6237.0,699096.0,629564.0,7907.0,203.9,0.0,65.2,860.8,41.1,0.0,2646.9,456.5,0.0,0.0,0.0,495.2,225.9,583.5,534.7,123.1,0.0,0.0,0.0,-17.0,-0.3
no_ecolinks,judgement,ecological-link perimeters not excluded,356376.0,6256.0,699118.0,629582.0,7926.0,204.2,0.0,65.2,860.8,41.1,0.0,2646.9,456.5,0.0,0.0,0.0,495.2,225.9,584.9,534.7,140.4,0.0,0.0,0.0,2.0,0.0
adesa,judgement,ADESA landscape perimeters excluded as well,289834.0,6026.0,577603.0,516308.0,7682.0,195.8,0.0,46.8,828.8,41.1,0.0,2635.6,467.9,0.0,0.0,0.0,461.6,204.9,561.5,484.1,97.7,0.0,0.0,0.0,-228.0,-3.6
no_landscape,judgement,no landscape or heritage perimeter excluded,388611.0,6371.0,758635.0,683802.0,8061.0,216.3,0.0,65.2,884.8,48.8,0.0,2654.8,448.7,0.0,0.0,0.0,517.8,233.1,587.2,552.2,161.8,0.0,0.0,0.0,117.0,1.9
flood_extreme,judgement,extreme-return-period flood zones excluded as well,326481.0,5669.0,650673.0,586200.0,7339.0,203.9,0.0,57.1,575.1,36.2,0.0,2621.1,482.4,0.0,0.0,0.0,462.7,173.8,475.1,444.6,136.8,0.0,0.0,0.0,-585.0,-9.4
no_water_capture,judgement,catchment protection zones IIa not excluded,358720.0,6269.0,704210.0,634398.0,7939.0,203.9,0.0,65.2,863.8,41.1,0.0,2646.9,456.5,0.0,0.0,0.0,495.4,227.5,588.5,539.5,140.5,0.0,0.0,0.0,15.0,0.2
terrils_inplace,judgement,spoil tips still in place admitted,356386.0,6264.0,699155.0,629588.0,7934.0,203.9,0.0,65.5,869.2,41.1,0.0,2646.9,456.5,0.0,0.0,0.0,495.2,226.1,584.7,534.7,140.4,0.0,0.0,0.0,10.0,0.2
slope_10,technical,maximum slope 10 %,319325.0,5902.0,646748.0,576744.0,7572.0,203.9,0.0,46.8,773.5,33.1,0.0,2625.3,478.2,0.0,0.0,0.0,439.0,182.0,541.3,471.9,106.9,0.0,0.0,0.0,-352.0,-5.6
slope_20,technical,maximum slope 20 %,368600.0,6440.0,714835.0,645773.0,8109.0,203.9,0.0,78.6,902.1,45.3,0.0,2661.0,442.5,0.0,0.0,0.0,541.3,248.7,595.3,563.4,157.4,0.0,0.0,0.0,186.0,3.0
north_5,technical,north-facing slopes excluded from 5 %,328871.0,6028.0,655832.0,583219.0,7698.0,203.9,0.0,54.2,812.2,38.8,0.0,2644.4,459.1,0.0,0.0,0.0,462.2,198.2,539.5,489.1,126.9,0.0,0.0,0.0,-226.0,-3.6
north_off,technical,no rule on north-facing slopes,402113.0,6614.0,762731.0,698204.0,8284.0,203.9,0.0,74.7,948.4,51.8,0.0,2666.1,437.4,0.0,0.0,0.0,540.0,278.3,635.4,599.6,178.3,0.0,0.0,0.0,360.0,5.8
park_05ha,technical,parks down to 0.5 ha,360383.0,6563.0,699096.0,634133.0,8233.0,203.9,0.0,67.4,943.8,46.8,0.0,2648.5,454.9,0.0,0.0,0.0,540.6,263.1,637.0,605.9,151.4,0.0,0.0,0.0,309.0,4.9
park_5ha,technical,parks of 5 ha or more,339157.0,5040.0,699096.0,608110.0,6709.0,203.9,0.0,33.4,517.6,7.8,0.0,2662.7,440.9,0.0,0.0,0.0,328.1,114.8,354.0,281.9,94.4,0.0,0.0,0.0,-1214.0,-19.4
width_40,technical,minimum park width 40 m,379622.0,7283.0,699096.0,656735.0,8953.0,203.9,0.0,74.4,1067.5,53.9,0.0,2654.3,449.2,0.0,0.0,0.0,601.8,550.1,735.6,718.0,174.5,0.0,0.0,0.0,1029.0,16.5
width_100,technical,minimum park width 100 m,316230.0,5081.0,699096.0,578219.0,6751.0,203.9,0.0,42.7,528.7,16.3,0.0,2644.4,459.1,0.0,0.0,0.0,350.6,94.4,361.1,290.2,89.5,0.0,0.0,0.0,-1173.0,-18.8
density_low,technical,low capacity densities,253071.0,4415.0,699096.0,629564.0,7924.0,135.9,0.0,45.6,602.6,28.8,0.0,1890.7,326.1,0.0,0.0,0.0,346.6,158.1,408.4,374.3,98.3,0.0,0.0,0.0,-1839.0,-29.4
density_high,technical,high capacity densities,463635.0,7944.0,699096.0,629564.0,7924.0,271.9,0.0,91.3,1205.1,57.5,0.0,3025.0,521.8,0.0,0.0,0.0,693.3,316.3,816.9,748.6,196.6,0.0,0.0,0.0,1690.0,27.0
floating_15,technical,"floating PV on 15 % of a water body (German rule, WHG §36)",356054.0,6173.0,699096.0,629564.0,7924.0,122.4,0.0,65.2,860.8,41.1,0.0,2646.9,456.5,0.0,0.0,0.0,495.2,225.9,583.5,534.7,140.4,0.0,0.0,0.0,-81.0,-1.3
floating_50,technical,floating PV on 50 % of a water body,357134.0,6458.0,699096.0,629564.0,7924.0,407.8,0.0,65.2,860.8,41.1,0.0,2646.9,456.5,0.0,0.0,0.0,495.2,225.9,583.5,534.7,140.4,0.0,0.0,0.0,204.0,3.3
built_10,technical,a cell is built from 10 % building cover,338413.0,6083.0,674328.0,610528.0,7753.0,203.9,0.0,63.5,826.5,34.4,0.0,2645.6,457.9,0.0,0.0,0.0,486.4,208.9,552.5,466.9,136.4,0.0,0.0,0.0,-171.0,-2.7
rules_in_force,policy,"the circular strictly as it stands: no agrivoltaics, no derogation on poor soils",356362.0,2601.0,699096.0,629564.0,2941.0,203.9,0.0,64.9,825.3,39.2,0.0,0.0,0.0,0.0,0.0,0.0,433.0,95.3,506.9,432.3,0.0,0.0,0.0,0.0,-3653.0,-58.4
