cnsw,awac,ha,farmed_share
0,0,556.6,0.4986
0,1,66.48,0.8911
0,2,157.2,0.8817
0,3,414.72,0.8575
0,4,459.72,0.8723
0,5,636.48,0.8648
1000,0,466.68,0.5507
1000,1,0.12,0.0
1000,2,2.48,0.8065
1000,3,19.28,0.7116
1000,4,15.24,0.7034
1000,5,35.92,0.6893
2010,0,1431.24,0.6296
2010,1,97.52,0.8532
2010,2,646.68,0.8701
2010,3,3687.2,0.8519
2010,4,171.64,0.8672
2010,5,106.92,0.8586
2020,0,524.32,0.6152
2020,1,4.96,0.9355
2020,2,86.32,0.8457
2020,3,2193.32,0.8408
2020,4,28.6,0.8322
2020,5,11.04,0.7899
3010,0,2075.72,0.651
3010,1,103.32,0.8881
3010,2,1307.56,0.9017
3010,3,4490.8,0.8938
3010,4,5025.2,0.9019
3010,5,1115.44,0.8435
3020,0,3812.32,0.6791
3020,1,28.2,0.8596
3020,2,377.8,0.8674
3020,3,11860.04,0.8954
3020,4,13517.24,0.9174
3020,5,1692.2,0.8412
4010,0,17023.04,0.7223
4010,1,511.24,0.9296
4010,2,1456.44,0.9296
4010,3,6144.56,0.9344
4010,4,82969.28,0.9554
4010,5,99753.72,0.9357
4020,0,13201.92,0.6923
4020,1,272.08,0.9119
4020,2,845.2,0.915
4020,3,4443.32,0.9225
4020,4,44357.64,0.9433
4020,5,68646.44,0.9079
4030,0,3187.52,0.6204
4030,1,44.44,0.8605
4030,2,190.28,0.8644
4030,3,1025.4,0.8786
4030,4,4470.88,0.8977
4030,5,14240.0,0.8636
5010,0,3558.4,0.7752
5010,1,276.8,0.8926
5010,2,1228.52,0.9037
5010,3,6713.32,0.9067
5010,4,4785.8,0.9026
5010,5,3500.64,0.8975
5020,0,1493.8,0.6661
5020,1,59.72,0.8754
5020,2,371.28,0.8775
5020,3,3075.32,0.8857
5020,4,2952.12,0.8782
5020,5,1479.2,0.8647
6010,0,4491.12,0.6817
6010,1,222.64,0.9014
6010,2,879.44,0.8918
6010,3,4395.16,0.8668
6010,4,6937.6,0.8564
6010,5,21081.4,0.8907
6020,0,3094.08,0.6502
6020,1,220.32,0.8662
6020,2,1240.56,0.9051
6020,3,3693.92,0.8567
6020,4,4723.84,0.8438
6020,5,8050.4,0.8496
7110,0,10114.68,0.6818
7110,1,316.48,0.8136
7110,2,4452.48,0.8513
7110,3,42904.6,0.8742
7110,4,19485.6,0.8838
7110,5,3506.36,0.8761
7210,0,3824.96,0.6565
7210,1,717.36,0.8588
7210,2,3677.8,0.8446
7210,3,10815.92,0.8444
7210,4,4370.32,0.8737
7210,5,701.28,0.8338
7220,0,1657.8,0.5689
7220,1,147.64,0.8599
7220,2,1105.36,0.8605
7220,3,3912.36,0.8391
7220,4,2183.76,0.8448
7220,5,400.6,0.8044
7310,0,5314.08,0.6537
7310,1,5606.2,0.866
7310,2,12444.12,0.8673
7310,3,9897.08,0.8519
7310,4,2302.36,0.8339
7310,5,1079.4,0.8208
7410,0,3839.44,0.7273
7410,1,9428.04,0.9331
7410,2,14227.92,0.9253
7410,3,7949.0,0.9083
7410,4,1076.28,0.9085
7410,5,665.72,0.9031
7510,0,3707.36,0.754
7510,1,6373.92,0.9052
7510,2,6679.2,0.9086
7510,3,4466.48,0.8998
7510,4,959.92,0.8996
7510,5,771.24,0.9059
7610,0,2621.04,0.726
7610,1,2481.32,0.9373
7610,2,5691.8,0.9239
7610,3,4182.84,0.9164
7610,4,2231.88,0.8857
7610,5,858.28,0.8816
7710,0,226.24,0.7081
7710,1,650.76,0.8777
7710,2,783.24,0.9029
7710,3,176.88,0.9025
7710,4,40.56,0.925
7710,5,22.08,0.9293
7810,0,181.2,0.8245
7810,1,1203.56,0.9513
7810,2,324.64,0.9446
7810,3,95.8,0.9282
7810,4,36.2,0.9448
7810,5,10.24,0.8906
10000,0,5426.48,0.6974
10000,1,285.84,0.9036
10000,2,690.36,0.8882
10000,3,2435.84,0.8799
10000,4,4851.0,0.91
10000,5,7294.0,0.8689
30000,0,13160.2,0.4503
30000,1,77.48,0.5932
30000,2,150.08,0.5216
30000,3,381.96,0.4904
30000,4,474.72,0.5249
30000,5,752.64,0.5289
