type,technology_type,technology_name_fr,technology_name_pypsa,technology_name_times,parameter,year,year_currency,value,units,source,description_complementaire,note_complementaire,data_origin_choice,pypsa_wal_value,pypsa_wal_location,pypsa_wal_target,year_rule,status flexibility,,,,,,,,,,,,,PyPSA,,,none:section_header,hold,none CO2_constraint,,% d'émission tolérées vs 1990,,,emission_ratio,2025.0,,,%,,,"Trajectoire globale de contrainte CO₂ au niveau du réseau (hors aviation internationale & UTCATF) | F5 decision (2026-09-05): `budget_national` follows the system `co2_budget` series, so these anchors are the adopted model trajectory, not the 2026-07-26 literature reading. The literature anchors were 64.8 @2030 / 45.0 @2040 / 5.0 @2050 - the same shape one decade later. Before the decision the global cap was always the tighter of the two and every national cap was inert after 2025 (duals ~1e-8; in 2040 the national caps summed to 176 % of the global cap), so the agreed Walloon target was never enforced. Anchors now sit on every planning horizon, so year_rule=interp has nothing to interpolate; add an anchor if a run introduces 2035/2045. Values are % of 1990; config expects a fraction (divide by 100).",Revue de littérature,,,config:budget_national,interp,active CO2_constraint,,% d'émission tolérées vs 1990,,,emission_ratio,2030.0,,45.0,%,,,"Trajectoire globale de contrainte CO₂ au niveau du réseau (hors aviation internationale & UTCATF) | F5 decision (2026-09-05): `budget_national` follows the system `co2_budget` series, so these anchors are the adopted model trajectory, not the 2026-07-26 literature reading. The literature anchors were 64.8 @2030 / 45.0 @2040 / 5.0 @2050 - the same shape one decade later. Before the decision the global cap was always the tighter of the two and every national cap was inert after 2025 (duals ~1e-8; in 2040 the national caps summed to 176 % of the global cap), so the agreed Walloon target was never enforced. Anchors now sit on every planning horizon, so year_rule=interp has nothing to interpolate; add an anchor if a run introduces 2035/2045. Values are % of 1990; config expects a fraction (divide by 100).",Revue de littérature,,,config:budget_national,interp,active
energy_price,0,Prix du charbon,coal price,,price,2030.0,2021.0,11.54844,EUR2021/MWh_th,"recommended parameters for reporting GHG projections in 2025”, publié par la Direction générale de l'action pour le climat, département Stratégie, analyse et planification (CLIMA.A)",,"INFLATED 2026-09-12: 10.92 EUR2021 x 1.221900 = 13.3431 EUR2025/MWh_th. ICEDD entered the source-vintage value; common_parameters.md S4.4 requires every targeted monetary row to be tagged EUR_REF (2025), and build_common_parameters.py refuses to write otherwise. Factor = Eurostat HICP EEA annual rates (config/common_parameters_meta.yaml hicp_inflation), the same method that produced the recorded factor_2023_to_2025 and factor_2020_to_2025. INFLATED 2026-07-26: value was 14.4 in EUR2023; multiplied by 1.051650 (= Eurostat HICP EEA annual rates 2024–2025, same method as technology-data v0.14.0) to align the shared CSV on EUR2025. New value=15.1438.",TIMES,,,cost:coal:fuel,hold,active
energy_price,0,Prix du charbon,coal price,,price,2040.0,2012.0,12.79692,EUR2021/MWh_th,"recommended parameters for reporting GHG projections in 2025”, publié par la Direction générale de l'action pour le climat, département Stratégie, analyse et planification (CLIMA.A)",,"INFLATED 2026-09-12: 10.92 EUR2021 x 1.221900 = 13.3431 EUR2025/MWh_th. ICEDD entered the source-vintage value; common_parameters.md S4.4 requires every targeted monetary row to be tagged EUR_REF (2025), and build_common_parameters.py refuses to write otherwise. Factor = Eurostat HICP EEA annual rates (config/common_parameters_meta.yaml hicp_inflation), the same method that produced the recorded factor_2023_to_2025 and factor_2020_to_2025. INFLATED 2026-07-26: value was 13.68 in EUR2023; multiplied by 1.051650 (= Eurostat HICP EEA annual rates 2024–2025, same method as technology-data v0.14.0) to align the shared CSV on EUR2025. New value=14.3866.",TIMES,,,cost:coal:fuel,hold,active
energy_price,0,Prix du charbon,coal price,,price,2050.0,2012.0,12.79692,EUR2021/MWh_th,"recommended parameters for reporting GHG projections in 2025”, publié par la Direction générale de l'action pour le climat, département Stratégie, analyse et planification (CLIMA.A)",,"INFLATED 2026-09-12: 10.92 EUR2021 x 1.221900 = 13.3431 EUR2025/MWh_th. ICEDD entered the source-vintage value; common_parameters.md S4.4 requires every targeted monetary row to be tagged EUR_REF (2025), and build_common_parameters.py refuses to write otherwise. Factor = Eurostat HICP EEA annual rates (config/common_parameters_meta.yaml hicp_inflation), the same method that produced the recorded factor_2023_to_2025 and factor_2020_to_2025. INFLATED 2026-07-26: value was 14.4 in EUR2023; multiplied by 1.051650 (= Eurostat HICP EEA annual rates 2024–2025, same method as technology-data v0.14.0) to align the shared CSV on EUR2025. New value=15.1438.",TIMES,,,cost:coal:fuel,hold,active
energy_price,0,Prix du gaz naturel,natural gas price,,price,2030.0,2012.0,31.83631,EUR2021/MWh_th,"recommended parameters for reporting GHG projections in 2025”, publié par la Direction générale de l'action pour le climat, département Stratégie, analyse et planification (CLIMA.A)",,"INFLATED 2026-09-12: 30.345 EUR2021 x 1.221900 = 37.0786 EUR2025/MWh_th. ICEDD entered the source-vintage value; common_parameters.md S4.4 requires every targeted monetary row to be tagged EUR_REF (2025), and build_common_parameters.py refuses to write otherwise. Factor = Eurostat HICP EEA annual rates (config/common_parameters_meta.yaml hicp_inflation), the same method that produced the recorded factor_2023_to_2025 and factor_2020_to_2025. INFLATED 2026-07-26: value was 32.4 in EUR2023; multiplied by 1.051650 (= Eurostat HICP EEA annual rates 2024–2025, same method as technology-data v0.14.0) to align the shared CSV on EUR2025. New value=34.0735.",TIMES,,,cost:gas:fuel,hold,active
energy_price,0,Prix du gaz naturel,natural gas price,,price,2040.0,2012.0,35.58182,EUR2021/MWh_th,"recommended parameters for reporting GHG projections in 2025”, publié par la Direction générale de l'action pour le climat, département Stratégie, analyse et planification (CLIMA.A)",,"INFLATED 2026-09-12: 26.01 EUR2021 x 1.221900 = 31.7816 EUR2025/MWh_th. ICEDD entered the source-vintage value; common_parameters.md S4.4 requires every targeted monetary row to be tagged EUR_REF (2025), and build_common_parameters.py refuses to write otherwise. Factor = Eurostat HICP EEA annual rates (config/common_parameters_meta.yaml hicp_inflation), the same method that produced the recorded factor_2023_to_2025 and factor_2020_to_2025. INFLATED 2026-07-26: value was 36.36 in EUR2023; multiplied by 1.051650 (= Eurostat HICP EEA annual rates 2024–2025, same method as technology-data v0.14.0) to align the shared CSV on EUR2025. New value=38.238.",TIMES,,,cost:gas:fuel,hold,active
energy_price,0,Prix du gaz naturel,natural gas price,,price,2050.0,2012.0,39.01525,EUR2021/MWh_th,"recommended parameters for reporting GHG projections in 2025”, publié par la Direction générale de l'action pour le climat, département Stratégie, analyse et planification (CLIMA.A)",,"INFLATED 2026-09-12: 21.675 EUR2021 x 1.221900 = 26.4847 EUR2025/MWh_th. ICEDD entered the source-vintage value; common_parameters.md S4.4 requires every targeted monetary row to be tagged EUR_REF (2025), and build_common_parameters.py refuses to write otherwise. Factor = Eurostat HICP EEA annual rates (config/common_parameters_meta.yaml hicp_inflation), the same method that produced the recorded factor_2023_to_2025 and factor_2020_to_2025. INFLATED 2026-07-26: value was 34.56 in EUR2023; multiplied by 1.051650 (= Eurostat HICP EEA annual rates 2024–2025, same method as technology-data v0.14.0) to align the shared CSV on EUR2025. New value=36.345.",TIMES,,,cost:gas:fuel,hold,active
energy_price,0,Prix du pétrole,Oil price,,price,2030.0,2012.0,48.6907,EUR2021/MWh_th,"recommended parameters for reporting GHG projections in 2025”, publié par la Direction générale de l'action pour le climat, département Stratégie, analyse et planification (CLIMA.A)",,"INFLATED 2026-09-12: 46.4475 EUR2021 x 1.221900 = 56.7542 EUR2025/MWh_th. ICEDD entered the source-vintage value; common_parameters.md S4.4 requires every targeted monetary row to be tagged EUR_REF (2025), and build_common_parameters.py refuses to write otherwise. Factor = Eurostat HICP EEA annual rates (config/common_parameters_meta.yaml hicp_inflation), the same method that produced the recorded factor_2023_to_2025 and factor_2020_to_2025. INFLATED 2026-07-26: value was 50.04 in EUR2023; multiplied by 1.051650 (= Eurostat HICP EEA annual rates 2024–2025, same method as technology-data v0.14.0) to align the shared CSV on EUR2025. New value=52.6246.",TIMES,,,cost:oil:fuel,hold,active
energy_price,0,Prix du pétrole,Oil price,,price,2040.0,2012.0,58.05444,EUR2021/MWh_th,"recommended parameters for reporting GHG projections in 2025”, publié par la Direction générale de l'action pour le climat, département Stratégie, analyse et planification (CLIMA.A)",,"INFLATED 2026-09-12: 51.9119 EUR2021 x 1.221900 = 63.4312 EUR2025/MWh_th. ICEDD entered the source-vintage value; common_parameters.md S4.4 requires every targeted monetary row to be tagged EUR_REF (2025), and build_common_parameters.py refuses to write otherwise. Factor = Eurostat HICP EEA annual rates (config/common_parameters_meta.yaml hicp_inflation), the same method that produced the recorded factor_2023_to_2025 and factor_2020_to_2025. INFLATED 2026-07-26: value was 56.88 in EUR2023; multiplied by 1.051650 (= Eurostat HICP EEA annual rates 2024–2025, same method as technology-data v0.14.0) to align the shared CSV on EUR2025. New value=59.8179.",TIMES,,,cost:oil:fuel,hold,active
energy_price,0,Prix du pétrole,Oil price,,price,2050.0,2012.0,71.78755,EUR2021/MWh_th,"recommended parameters for reporting GHG projections in 2025”, publié par la Direction générale de l'action pour le climat, département Stratégie, analyse et planification (CLIMA.A)",,"INFLATED 2026-09-12: 65.5729 EUR2021 x 1.221900 = 80.1235 EUR2025/MWh_th. ICEDD entered the source-vintage value; common_parameters.md S4.4 requires every targeted monetary row to be tagged EUR_REF (2025), and build_common_parameters.py refuses to write otherwise. Factor = Eurostat HICP EEA annual rates (config/common_parameters_meta.yaml hicp_inflation), the same method that produced the recorded factor_2023_to_2025 and factor_2020_to_2025. INFLATED 2026-07-26: value was 70.92 in EUR2023; multiplied by 1.051650 (= Eurostat HICP EEA annual rates 2024–2025, same method as technology-data v0.14.0) to align the shared CSV on EUR2025. New value=74.583.",TIMES,,,cost:oil:fuel,hold,active
